product_image_url,images
https://static.bershka.net/4/photos2/2022/I/0/1/p/6722/407/744/6722407744_1_1_3.jpg?t=1663580785791,
https://static.bershka.net/4/photos2/2022/I/0/1/p/6740/730/800/6740730800_1_1_3.jpg?t=1663836289891,
https://static.bershka.net/4/photos2/2022/I/0/1/p/6949/085/800/6949085800_1_1_3.jpg?t=1657635822683,
https://static.bershka.net/4/photos2/2022/I/0/1/p/6945/644/600/6945644600_1_1_3.jpg?t=1663234241267,
image_urls,images
https://static.bershka.net/4/photos2/2022/I/0/1/p/6722/407/744/6722407744_1_1_3.jpg?t=1663580785791,"[{'url': 'https://static.bershka.net/4/photos2/2022/I/0/1/p/6722/407/744/6722407744_1_1_3.jpg?t=1663580785791', 'path': 'full/dbb5b7d022ec496dda5dea442b7354c0ba8cb64b.jpg', 'checksum': 'e06a30fe687158b58567b29b8c964d64', 'status': 'downloaded'}]"
https://static.bershka.net/4/photos2/2022/I/0/1/p/8737/200/800/8737200800_1_1_3.jpg?t=1662634216164,"[{'url': 'https://static.bershka.net/4/photos2/2022/I/0/1/p/8737/200/800/8737200800_1_1_3.jpg?t=1662634216164', 'path': 'full/4fe25339f2f7b77a77a9cddaa7478b37c03c0f37.jpg', 'checksum': 'b529511102a1028905c84e07358299e2', 'status': 'downloaded'}]"
https://static.bershka.net/4/photos2/2022/I/0/1/p/6707/644/600/6707644600_1_1_3.jpg?t=1656672035184,"[{'url': 'https://static.bershka.net/4/photos2/2022/I/0/1/p/6707/644/600/6707644600_1_1_3.jpg?t=1656672035184', 'path': 'full/88354f34eff0e1ee3b3d345da9b8fe931d251988.jpg', 'checksum': '6718ff367989ad25e98fab448a956ca4', 'status': 'downloaded'}]"
https://static.bershka.net/4/photos2/2022/I/0/1/p/6706/644/715/6706644715_1_1_3.jpg?t=1656944224489,"[{'url': 'https://static.bershka.net/4/photos2/2022/I/0/1/p/6706/644/715/6706644715_1_1_3.jpg?t=1656944224489', 'path': 'full/5b903346e8934e9eb8d886eb2ef5a2bad4073430.jpg', 'checksum': '7c91acf0faf74e730e4e34c60849adde', 'status': 'downloaded'}]"
image_urls,images
https://static.bershka.net/4/photos2/2022/I/0/1/p/6722/407/744/6722407744_1_1_3.jpg?t=1663580785791,"[{'url': 'https://static.bershka.net/4/photos2/2022/I/0/1/p/6722/407/744/6722407744_1_1_3.jpg?t=1663580785791', 'path': 'full/dbb5b7d022ec496dda5dea442b7354c0ba8cb64b.jpg', 'checksum': 'e06a30fe687158b58567b29b8c964d64', 'status': 'downloaded'}]"
https://static.bershka.net/4/photos2/2022/I/0/1/p/6774/388/800/6774388800_1_1_3.jpg?t=1663057913104,"[{'url': 'https://static.bershka.net/4/photos2/2022/I/0/1/p/6774/388/800/6774388800_1_1_3.jpg?t=1663057913104', 'path': 'full/76f09705ebb61ed37f078f6f73346485e52cc9a7.jpg', 'checksum': '00a1abc101e10e0bda03d67965cf40fb', 'status': 'downloaded'}]"
https://static.bershka.net/4/photos2/2022/I/0/1/p/8737/200/700/8737200700_1_1_3.jpg?t=1662634216077,"[{'url': 'https://static.bershka.net/4/photos2/2022/I/0/1/p/8737/200/700/8737200700_1_1_3.jpg?t=1662634216077', 'path': 'full/95033fb0d54e61717c10c558a6b99402b5118327.jpg', 'checksum': '5cbbd68533bbde04937eb898f196df5e', 'status': 'downloaded'}]"
https://static.bershka.net/4/photos2/2022/I/0/1/p/8737/200/611/8737200611_1_1_3.jpg?t=1662634216003,"[{'url': 'https://static.bershka.net/4/photos2/2022/I/0/1/p/8737/200/611/8737200611_1_1_3.jpg?t=1662634216003', 'path': 'full/9e61ff399fed63dafb279ea0638f6e9cbae4355a.jpg', 'checksum': '3315c73f9a0b0d344932b6b278ddcb50', 'status': 'downloaded'}]"
https://static.bershka.net/4/photos2/2022/I/0/1/p/8737/200/800/8737200800_1_1_3.jpg?t=1662634216164,"[{'url': 'https://static.bershka.net/4/photos2/2022/I/0/1/p/8737/200/800/8737200800_1_1_3.jpg?t=1662634216164', 'path': 'full/4fe25339f2f7b77a77a9cddaa7478b37c03c0f37.jpg', 'checksum': 'b529511102a1028905c84e07358299e2', 'status': 'downloaded'}]"
image_urls,images
https://static.bershka.net/4/photos2/2022/I/0/1/p/6722/407/744/6722407744_1_1_3.jpg?t=1663580785791,"[{'url': 'https://static.bershka.net/4/photos2/2022/I/0/1/p/6722/407/744/6722407744_1_1_3.jpg?t=1663580785791', 'path': 'full/dbb5b7d022ec496dda5dea442b7354c0ba8cb64b.jpg', 'checksum': 'e06a30fe687158b58567b29b8c964d64', 'status': 'downloaded'}]"
https://static.bershka.net/4/photos2/2022/I/0/1/p/6722/407/744/6722407744_2_1_3.jpg?t=1663580785791,"[{'url': 'https://static.bershka.net/4/photos2/2022/I/0/1/p/6722/407/744/6722407744_2_1_3.jpg?t=1663580785791', 'path': 'full/6f1f87c325a72c0c09a79177ecc1581a14597873.jpg', 'checksum': '1b19826b72fcf36ead79fdc50bad6b5c', 'status': 'downloaded'}]"
https://static.bershka.net/4/photos2/2022/I/0/1/p/6722/407/744/6722407744_2_2_3.jpg?t=1663580785791,"[{'url': 'https://static.bershka.net/4/photos2/2022/I/0/1/p/6722/407/744/6722407744_2_2_3.jpg?t=1663580785791', 'path': 'full/8c9ae2dba85e84d9a13589bf0ea6c8e2843c4edf.jpg', 'checksum': 'a3753c37553b5682e1298396162a4a46', 'status': 'downloaded'}]"
https://static.bershka.net/4/photos2/2022/I/0/1/p/6722/407/744/6722407744_2_3_3.jpg?t=1663580785791,"[{'url': 'https://static.bershka.net/4/photos2/2022/I/0/1/p/6722/407/744/6722407744_2_3_3.jpg?t=1663580785791', 'path': 'full/3c85ff601e870caac5b55903a3518a04578c4eca.jpg', 'checksum': '0202e87fafc4f33ec9c7eab66a72417f', 'status': 'downloaded'}]"
image_urls,image_name,images
https://static.bershka.net/4/photos2/2022/I/0/1/p/6722/407/744/6722407744_1_1_3.jpg?t=1663580785791,Buttoned_double-faced_jacket_Light_Brown_0,"[{'url': 'https://static.bershka.net/4/photos2/2022/I/0/1/p/6722/407/744/6722407744_1_1_3.jpg?t=1663580785791', 'path': 'full/dbb5b7d022ec496dda5dea442b7354c0ba8cb64b.jpg', 'checksum': 'e06a30fe687158b58567b29b8c964d64', 'status': 'uptodate'}]"
https://static.bershka.net/4/photos2/2022/I/0/1/p/6722/407/744/6722407744_2_1_3.jpg?t=1663580785791,Buttoned_double-faced_jacket_Light_Brown_1,"[{'url': 'https://static.bershka.net/4/photos2/2022/I/0/1/p/6722/407/744/6722407744_2_1_3.jpg?t=1663580785791', 'path': 'full/6f1f87c325a72c0c09a79177ecc1581a14597873.jpg', 'checksum': '1b19826b72fcf36ead79fdc50bad6b5c', 'status': 'uptodate'}]"
https://static.bershka.net/4/photos2/2022/I/0/1/p/6722/407/744/6722407744_2_2_3.jpg?t=1663580785791,Buttoned_double-faced_jacket_Light_Brown_2,"[{'url': 'https://static.bershka.net/4/photos2/2022/I/0/1/p/6722/407/744/6722407744_2_2_3.jpg?t=1663580785791', 'path': 'full/8c9ae2dba85e84d9a13589bf0ea6c8e2843c4edf.jpg', 'checksum': 'a3753c37553b5682e1298396162a4a46', 'status': 'uptodate'}]"
https://static.bershka.net/4/photos2/2022/I/0/1/p/6722/407/744/6722407744_2_3_3.jpg?t=1663580785791,Buttoned_double-faced_jacket_Light_Brown_3,"[{'url': 'https://static.bershka.net/4/photos2/2022/I/0/1/p/6722/407/744/6722407744_2_3_3.jpg?t=1663580785791', 'path': 'full/3c85ff601e870caac5b55903a3518a04578c4eca.jpg', 'checksum': '0202e87fafc4f33ec9c7eab66a72417f', 'status': 'uptodate'}]"
https://static.bershka.net/4/photos2/2022/I/0/1/p/6722/407/744/6722407744_2_4_3.jpg?t=1663580785791,Buttoned_double-faced_jacket_Light_Brown_4,"[{'url': 'https://static.bershka.net/4/photos2/2022/I/0/1/p/6722/407/744/6722407744_2_4_3.jpg?t=1663580785791', 'path': 'full/ac7979aab9d21208f77b4e20bdfbbb6c65c2a9c9.jpg', 'checksum': 'd18cc8743945b72190b4fdf7a57e8ee5', 'status': 'downloaded'}]"
https://static.bershka.net/4/photos2/2022/I/0/1/p/6722/407/744/6722407744_2_5_3.jpg?t=1663580785791,Buttoned_double-faced_jacket_Light_Brown_5,"[{'url': 'https://static.bershka.net/4/photos2/2022/I/0/1/p/6722/407/744/6722407744_2_5_3.jpg?t=1663580785791', 'path': 'full/0ffd7b09ac27f1079f30c34ac4382347b755e975.jpg', 'checksum': '8a82b5bb7e7a52ec2cc5ec5d1588c530', 'status': 'downloaded'}]"
https://static.bershka.net/4/photos2/2022/I/0/1/p/6784/478/800/6784478800_1_1_3.jpg?t=1663237704907,Cropped_varsity_jacket_Black_0,"[{'url': 'https://static.bershka.net/4/photos2/2022/I/0/1/p/6784/478/800/6784478800_1_1_3.jpg?t=1663237704907', 'path': 'full/2cb75c0bec0ffabb899e688bb1432b913683dcb5.jpg', 'checksum': 'f0dc1408e8666dbf594370ead4139af5', 'status': 'downloaded'}]"
https://static.bershka.net/4/photos2/2022/I/0/1/p/6784/478/800/6784478800_2_4_6.jpg?t=1658756749887,Cropped_varsity_jacket_Black_1,"[{'url': 'https://static.bershka.net/4/photos2/2022/I/0/1/p/6784/478/800/6784478800_2_4_6.jpg?t=1658756749887', 'path': 'full/198d392230fc9f8375f8655c433f6b63cb2e5246.jpg', 'checksum': 'fc507c4560507422bbad1ebcb1a75abd', 'status': 'downloaded'}]"
https://static.bershka.net/4/photos2/2022/I/0/1/p/6784/478/611/6784478611_2_4_6.jpg?t=1658762984635,Cropped_varsity_jacket_Black_2,"[{'url': 'https://static.bershka.net/4/photos2/2022/I/0/1/p/6784/478/611/6784478611_2_4_6.jpg?t=1658762984635', 'path': 'full/ab0f57a6af069bfead609629a293692284d557c2.jpg', 'checksum': '5bec9698ba4537b52b883b6105ffea50', 'status': 'downloaded'}]"
image_urls,image_name,images
https://static.bershka.net/4/photos2/2022/I/0/1/p/6722/407/744/6722407744_1_1_3.jpg?t=1663580785791,Buttoned_double-faced_jacket_Light_Brown_0,"[{'url': 'https://static.bershka.net/4/photos2/2022/I/0/1/p/6722/407/744/6722407744_1_1_3.jpg?t=1663580785791', 'path': 'B', 'checksum': 'e06a30fe687158b58567b29b8c964d64', 'status': 'downloaded'}]"
https://static.bershka.net/4/photos2/2022/I/0/1/p/6722/407/744/6722407744_2_1_3.jpg?t=1663580785791,Buttoned_double-faced_jacket_Light_Brown_1,"[{'url': 'https://static.bershka.net/4/photos2/2022/I/0/1/p/6722/407/744/6722407744_2_1_3.jpg?t=1663580785791', 'path': 'B', 'checksum': '1b19826b72fcf36ead79fdc50bad6b5c', 'status': 'downloaded'}]"
https://static.bershka.net/4/photos2/2022/I/0/1/p/6722/407/744/6722407744_2_2_3.jpg?t=1663580785791,Buttoned_double-faced_jacket_Light_Brown_2,"[{'url': 'https://static.bershka.net/4/photos2/2022/I/0/1/p/6722/407/744/6722407744_2_2_3.jpg?t=1663580785791', 'path': 'B', 'checksum': 'a3753c37553b5682e1298396162a4a46', 'status': 'downloaded'}]"
https://static.bershka.net/4/photos2/2022/I/0/1/p/6722/407/744/6722407744_2_3_3.jpg?t=1663580785791,Buttoned_double-faced_jacket_Light_Brown_3,"[{'url': 'https://static.bershka.net/4/photos2/2022/I/0/1/p/6722/407/744/6722407744_2_3_3.jpg?t=1663580785791', 'path': 'B', 'checksum': '0202e87fafc4f33ec9c7eab66a72417f', 'status': 'downloaded'}]"
https://static.bershka.net/4/photos2/2022/I/0/1/p/6707/644/600/6707644600_1_1_3.jpg?t=1656672035184,Belted_faux_leather_biker_jacket_Red_0,"[{'url': 'https://static.bershka.net/4/photos2/2022/I/0/1/p/6707/644/600/6707644600_1_1_3.jpg?t=1656672035184', 'path': 'B', 'checksum': '0202e87fafc4f33ec9c7eab66a72417f', 'status': 'uptodate'}]"
https://static.bershka.net/4/photos2/2022/I/0/1/p/6707/644/600/6707644600_2_4_6.jpg?t=1656672035184,Belted_faux_leather_biker_jacket_Red_1,"[{'url': 'https://static.bershka.net/4/photos2/2022/I/0/1/p/6707/644/600/6707644600_2_4_6.jpg?t=1656672035184', 'path': 'B', 'checksum': '0202e87fafc4f33ec9c7eab66a72417f', 'status': 'uptodate'}]"
https://static.bershka.net/4/photos2/2022/I/0/1/p/6707/644/800/6707644800_2_4_6.jpg?t=1656672035251,Belted_faux_leather_biker_jacket_Red_2,"[{'url': 'https://static.bershka.net/4/photos2/2022/I/0/1/p/6707/644/800/6707644800_2_4_6.jpg?t=1656672035251', 'path': 'B', 'checksum': '0202e87fafc4f33ec9c7eab66a72417f', 'status': 'uptodate'}]"
https://static.bershka.net/4/photos2/2022/I/0/1/p/6707/644/600/6707644600_2_1_3.jpg?t=1656672035184,Belted_faux_leather_biker_jacket_Red_3,"[{'url': 'https://static.bershka.net/4/photos2/2022/I/0/1/p/6707/644/600/6707644600_2_1_3.jpg?t=1656672035184', 'path': 'B', 'checksum': '0202e87fafc4f33ec9c7eab66a72417f', 'status': 'uptodate'}]"
https://static.bershka.net/4/photos2/2022/I/0/1/p/6707/644/600/6707644600_2_2_3.jpg?t=1656672035184,Belted_faux_leather_biker_jacket_Red_4,"[{'url': 'https://static.bershka.net/4/photos2/2022/I/0/1/p/6707/644/600/6707644600_2_2_3.jpg?t=1656672035184', 'path': 'B', 'checksum': '0202e87fafc4f33ec9c7eab66a72417f', 'status': 'uptodate'}]"
https://static.bershka.net/4/photos2/2022/I/0/1/p/6707/644/600/6707644600_2_3_3.jpg?t=1656672035184,Belted_faux_leather_biker_jacket_Red_5,"[{'url': 'https://static.bershka.net/4/photos2/2022/I/0/1/p/6707/644/600/6707644600_2_3_3.jpg?t=1656672035184', 'path': 'B', 'checksum': '0202e87fafc4f33ec9c7eab66a72417f', 'status': 'uptodate'}]"
https://static.bershka.net/4/photos2/2022/I/0/1/p/6707/644/600/6707644600_2_4_3.jpg?t=1656672035184,Belted_faux_leather_biker_jacket_Red_6,"[{'url': 'https://static.bershka.net/4/photos2/2022/I/0/1/p/6707/644/600/6707644600_2_4_3.jpg?t=1656672035184', 'path': 'B', 'checksum': '0202e87fafc4f33ec9c7eab66a72417f', 'status': 'uptodate'}]"
https://static.bershka.net/4/photos2/2022/I/0/1/p/6707/644/600/6707644600_2_5_3.jpg?t=1656672035184,Belted_faux_leather_biker_jacket_Red_7,"[{'url': 'https://static.bershka.net/4/photos2/2022/I/0/1/p/6707/644/600/6707644600_2_5_3.jpg?t=1656672035184', 'path': 'B', 'checksum': '0202e87fafc4f33ec9c7eab66a72417f', 'status': 'uptodate'}]"
https://static.bershka.net/4/photos2/2022/I/0/1/p/6722/407/744/6722407744_2_4_3.jpg?t=1663580785791,Buttoned_double-faced_jacket_Light_Brown_4,"[{'url': 'https://static.bershka.net/4/photos2/2022/I/0/1/p/6722/407/744/6722407744_2_4_3.jpg?t=1663580785791', 'path': 'B', 'checksum': 'd18cc8743945b72190b4fdf7a57e8ee5', 'status': 'downloaded'}]"
image_urls,image_name,images
https://static.bershka.net/4/photos2/2022/I/0/1/p/6722/407/744/6722407744_1_1_3.jpg?t=1663580785791,Buttoned_double-faced_jacket_Light_Brown_0,"[{'url': 'https://static.bershka.net/4/photos2/2022/I/0/1/p/6722/407/744/6722407744_1_1_3.jpg?t=1663580785791', 'path': 'Buttoned_double-faced_jacket_Light_Brown_0', 'checksum': 'e06a30fe687158b58567b29b8c964d64', 'status': 'downloaded'}]"
https://static.bershka.net/4/photos2/2022/I/0/1/p/6722/407/744/6722407744_2_1_3.jpg?t=1663580785791,Buttoned_double-faced_jacket_Light_Brown_1,"[{'url': 'https://static.bershka.net/4/photos2/2022/I/0/1/p/6722/407/744/6722407744_2_1_3.jpg?t=1663580785791', 'path': 'Buttoned_double-faced_jacket_Light_Brown_1', 'checksum': '1b19826b72fcf36ead79fdc50bad6b5c', 'status': 'downloaded'}]"
https://static.bershka.net/4/photos2/2022/I/0/1/p/6722/407/744/6722407744_2_2_3.jpg?t=1663580785791,Buttoned_double-faced_jacket_Light_Brown_2,"[{'url': 'https://static.bershka.net/4/photos2/2022/I/0/1/p/6722/407/744/6722407744_2_2_3.jpg?t=1663580785791', 'path': 'Buttoned_double-faced_jacket_Light_Brown_2', 'checksum': 'a3753c37553b5682e1298396162a4a46', 'status': 'downloaded'}]"
image_urls,image_name,images
https://static.bershka.net/4/photos2/2022/I/0/1/p/6722/407/744/6722407744_1_1_3.jpg?t=1663580785791,Buttoned_double-faced_jacket_Light_Brown_0,"[{'url': 'https://static.bershka.net/4/photos2/2022/I/0/1/p/6722/407/744/6722407744_1_1_3.jpg?t=1663580785791', 'path': 'Buttoned_double-faced_jacket_Light_Brown_0.jpg', 'checksum': 'e06a30fe687158b58567b29b8c964d64', 'status': 'downloaded'}]"
https://static.bershka.net/4/photos2/2022/I/0/1/p/6722/407/744/6722407744_2_1_3.jpg?t=1663580785791,Buttoned_double-faced_jacket_Light_Brown_1,"[{'url': 'https://static.bershka.net/4/photos2/2022/I/0/1/p/6722/407/744/6722407744_2_1_3.jpg?t=1663580785791', 'path': 'Buttoned_double-faced_jacket_Light_Brown_1.jpg', 'checksum': '1b19826b72fcf36ead79fdc50bad6b5c', 'status': 'downloaded'}]"
https://static.bershka.net/4/photos2/2022/I/0/1/p/6722/407/744/6722407744_2_2_3.jpg?t=1663580785791,Buttoned_double-faced_jacket_Light_Brown_2,"[{'url': 'https://static.bershka.net/4/photos2/2022/I/0/1/p/6722/407/744/6722407744_2_2_3.jpg?t=1663580785791', 'path': 'Buttoned_double-faced_jacket_Light_Brown_2.jpg', 'checksum': 'a3753c37553b5682e1298396162a4a46', 'status': 'downloaded'}]"
https://static.bershka.net/4/photos2/2022/I/0/1/p/6722/407/744/6722407744_2_3_3.jpg?t=1663580785791,Buttoned_double-faced_jacket_Light_Brown_3,"[{'url': 'https://static.bershka.net/4/photos2/2022/I/0/1/p/6722/407/744/6722407744_2_3_3.jpg?t=1663580785791', 'path': 'Buttoned_double-faced_jacket_Light_Brown_3.jpg', 'checksum': '0202e87fafc4f33ec9c7eab66a72417f', 'status': 'downloaded'}]"
https://static.bershka.net/4/photos2/2022/I/0/1/p/6722/407/744/6722407744_2_4_3.jpg?t=1663580785791,Buttoned_double-faced_jacket_Light_Brown_4,"[{'url': 'https://static.bershka.net/4/photos2/2022/I/0/1/p/6722/407/744/6722407744_2_4_3.jpg?t=1663580785791', 'path': 'Buttoned_double-faced_jacket_Light_Brown_4.jpg', 'checksum': 'd18cc8743945b72190b4fdf7a57e8ee5', 'status': 'downloaded'}]"
https://static.bershka.net/4/photos2/2022/I/0/1/p/6722/407/744/6722407744_2_5_3.jpg?t=1663580785791,Buttoned_double-faced_jacket_Light_Brown_5,"[{'url': 'https://static.bershka.net/4/photos2/2022/I/0/1/p/6722/407/744/6722407744_2_5_3.jpg?t=1663580785791', 'path': 'Buttoned_double-faced_jacket_Light_Brown_5.jpg', 'checksum': '8a82b5bb7e7a52ec2cc5ec5d1588c530', 'status': 'downloaded'}]"
https://static.bershka.net/4/photos2/2022/I/0/1/p/8737/200/700/8737200700_1_1_3.jpg?t=1662634216077,Nylon_cropped_gilet_Brown_0,"[{'url': 'https://static.bershka.net/4/photos2/2022/I/0/1/p/8737/200/700/8737200700_1_1_3.jpg?t=1662634216077', 'path': 'Nylon_cropped_gilet_Brown_0.jpg', 'checksum': '5cbbd68533bbde04937eb898f196df5e', 'status': 'downloaded'}]"
https://static.bershka.net/4/photos2/2022/I/0/1/p/8737/200/700/8737200700_2_4_6.jpg?t=1660029628613,Nylon_cropped_gilet_Brown_1,"[{'url': 'https://static.bershka.net/4/photos2/2022/I/0/1/p/8737/200/700/8737200700_2_4_6.jpg?t=1660029628613', 'path': 'Nylon_cropped_gilet_Brown_1.jpg', 'checksum': '2f9211f63b0a91e12f40fcbd1e68b315', 'status': 'downloaded'}]"
https://static.bershka.net/4/photos2/2022/I/0/1/p/8737/200/700/8737200700_2_4_6.jpg?t=1660029628613,Nylon_cropped_gilet_Violet_2,"[{'url': 'https://static.bershka.net/4/photos2/2022/I/0/1/p/8737/200/700/8737200700_2_4_6.jpg?t=1660029628613', 'path': 'Nylon_cropped_gilet_Brown_1.jpg', 'checksum': '2f9211f63b0a91e12f40fcbd1e68b315', 'status': 'downloaded'}]"
https://static.bershka.net/4/photos2/2022/I/0/1/p/8737/200/700/8737200700_2_4_6.jpg?t=1660029628613,Nylon_cropped_gilet_Black_3,"[{'url': 'https://static.bershka.net/4/photos2/2022/I/0/1/p/8737/200/700/8737200700_2_4_6.jpg?t=1660029628613', 'path': 'Nylon_cropped_gilet_Brown_1.jpg', 'checksum': '2f9211f63b0a91e12f40fcbd1e68b315', 'status': 'downloaded'}]"
https://static.bershka.net/4/photos2/2022/I/0/1/p/8737/200/611/8737200611_2_4_6.jpg?t=1660029628550,Nylon_cropped_gilet_Brown_2,"[{'url': 'https://static.bershka.net/4/photos2/2022/I/0/1/p/8737/200/611/8737200611_2_4_6.jpg?t=1660029628550', 'path': 'Nylon_cropped_gilet_Brown_2.jpg', 'checksum': 'a097e9c8feb54201dae39f7652f38ca4', 'status': 'downloaded'}]"
https://static.bershka.net/4/photos2/2022/I/0/1/p/8737/200/611/8737200611_2_4_6.jpg?t=1660029628550,Nylon_cropped_gilet_Violet_1,"[{'url': 'https://static.bershka.net/4/photos2/2022/I/0/1/p/8737/200/611/8737200611_2_4_6.jpg?t=1660029628550', 'path': 'Nylon_cropped_gilet_Brown_2.jpg', 'checksum': 'a097e9c8feb54201dae39f7652f38ca4', 'status': 'downloaded'}]"
https://static.bershka.net/4/photos2/2022/I/0/1/p/8737/200/611/8737200611_2_4_6.jpg?t=1660029628550,Nylon_cropped_gilet_Black_2,"[{'url': 'https://static.bershka.net/4/photos2/2022/I/0/1/p/8737/200/611/8737200611_2_4_6.jpg?t=1660029628550', 'path': 'Nylon_cropped_gilet_Brown_2.jpg', 'checksum': 'a097e9c8feb54201dae39f7652f38ca4', 'status': 'downloaded'}]"
https://static.bershka.net/4/photos2/2022/I/0/1/p/8737/200/800/8737200800_2_4_6.jpg?t=1660029628686,Nylon_cropped_gilet_Brown_3,"[{'url': 'https://static.bershka.net/4/photos2/2022/I/0/1/p/8737/200/800/8737200800_2_4_6.jpg?t=1660029628686', 'path': 'Nylon_cropped_gilet_Brown_3.jpg', 'checksum': 'db169ec632387737ff4a102407b68476', 'status': 'downloaded'}]"
https://static.bershka.net/4/photos2/2022/I/0/1/p/8737/200/800/8737200800_2_4_6.jpg?t=1660029628686,Nylon_cropped_gilet_Violet_3,"[{'url': 'https://static.bershka.net/4/photos2/2022/I/0/1/p/8737/200/800/8737200800_2_4_6.jpg?t=1660029628686', 'path': 'Nylon_cropped_gilet_Brown_3.jpg', 'checksum': 'db169ec632387737ff4a102407b68476', 'status': 'downloaded'}]"
https://static.bershka.net/4/photos2/2022/I/0/1/p/8737/200/800/8737200800_2_4_6.jpg?t=1660029628686,Nylon_cropped_gilet_Black_1,"[{'url': 'https://static.bershka.net/4/photos2/2022/I/0/1/p/8737/200/800/8737200800_2_4_6.jpg?t=1660029628686', 'path': 'Nylon_cropped_gilet_Brown_3.jpg', 'checksum': 'db169ec632387737ff4a102407b68476', 'status': 'downloaded'}]"
https://static.bershka.net/4/photos2/2022/I/0/1/p/8737/200/700/8737200700_2_1_3.jpg?t=1662634216077,Nylon_cropped_gilet_Brown_4,"[{'url': 'https://static.bershka.net/4/photos2/2022/I/0/1/p/8737/200/700/8737200700_2_1_3.jpg?t=1662634216077', 'path': 'Nylon_cropped_gilet_Brown_4.jpg', 'checksum': '65fe44611a715bb9660e5ef4b0095dc1', 'status': 'downloaded'}]"
https://static.bershka.net/4/photos2/2022/I/0/1/p/8737/200/700/8737200700_2_2_3.jpg?t=1662634216077,Nylon_cropped_gilet_Brown_5,"[{'url': 'https://static.bershka.net/4/photos2/2022/I/0/1/p/8737/200/700/8737200700_2_2_3.jpg?t=1662634216077', 'path': 'Nylon_cropped_gilet_Brown_5.jpg', 'checksum': 'e5cd27a75eb2740cfd3cc98490394217', 'status': 'downloaded'}]"
https://static.bershka.net/4/photos2/2022/I/0/1/p/8737/200/700/8737200700_2_3_3.jpg?t=1662634216077,Nylon_cropped_gilet_Brown_6,"[{'url': 'https://static.bershka.net/4/photos2/2022/I/0/1/p/8737/200/700/8737200700_2_3_3.jpg?t=1662634216077', 'path': 'Nylon_cropped_gilet_Brown_6.jpg', 'checksum': '4cbcd2127ca43b62eafd590d10a8b889', 'status': 'downloaded'}]"
https://static.bershka.net/4/photos2/2022/I/0/1/p/8737/200/700/8737200700_2_4_3.jpg?t=1660029628613,Nylon_cropped_gilet_Brown_7,"[{'url': 'https://static.bershka.net/4/photos2/2022/I/0/1/p/8737/200/700/8737200700_2_4_3.jpg?t=1660029628613', 'path': 'Nylon_cropped_gilet_Brown_7.jpg', 'checksum': '93456fd26c23119213a526b4a5adfd65', 'status': 'downloaded'}]"
https://static.bershka.net/4/photos2/2022/I/0/1/p/8737/200/700/8737200700_2_5_3.jpg?t=1662634216077,Nylon_cropped_gilet_Brown_8,"[{'url': 'https://static.bershka.net/4/photos2/2022/I/0/1/p/8737/200/700/8737200700_2_5_3.jpg?t=1662634216077', 'path': 'Nylon_cropped_gilet_Brown_8.jpg', 'checksum': '128feb2189c4ff0a6de43b005bdf1423', 'status': 'downloaded'}]"
https://static.bershka.net/4/photos2/2022/I/0/1/p/8737/200/611/8737200611_1_1_3.jpg?t=1662634216003,Nylon_cropped_gilet_Violet_0,"[{'url': 'https://static.bershka.net/4/photos2/2022/I/0/1/p/8737/200/611/8737200611_1_1_3.jpg?t=1662634216003', 'path': 'Nylon_cropped_gilet_Violet_0.jpg', 'checksum': '3315c73f9a0b0d344932b6b278ddcb50', 'status': 'downloaded'}]"
https://static.bershka.net/4/photos2/2022/I/0/1/p/8737/200/611/8737200611_2_1_3.jpg?t=1662634216003,Nylon_cropped_gilet_Violet_4,"[{'url': 'https://static.bershka.net/4/photos2/2022/I/0/1/p/8737/200/611/8737200611_2_1_3.jpg?t=1662634216003', 'path': 'Nylon_cropped_gilet_Violet_4.jpg', 'checksum': 'db06e403e652a43367c0a400782bed39', 'status': 'downloaded'}]"
https://static.bershka.net/4/photos2/2022/I/0/1/p/8737/200/611/8737200611_2_2_3.jpg?t=1662634216003,Nylon_cropped_gilet_Violet_5,"[{'url': 'https://static.bershka.net/4/photos2/2022/I/0/1/p/8737/200/611/8737200611_2_2_3.jpg?t=1662634216003', 'path': 'Nylon_cropped_gilet_Violet_5.jpg', 'checksum': '5df305ae8fe01def60f62dd8f2207d05', 'status': 'downloaded'}]"
https://static.bershka.net/4/photos2/2022/I/0/1/p/8737/200/611/8737200611_2_3_3.jpg?t=1662634216003,Nylon_cropped_gilet_Violet_6,"[{'url': 'https://static.bershka.net/4/photos2/2022/I/0/1/p/8737/200/611/8737200611_2_3_3.jpg?t=1662634216003', 'path': 'Nylon_cropped_gilet_Violet_6.jpg', 'checksum': '85d4f8c74d9b3cb4e60e664131840fb6', 'status': 'downloaded'}]"
https://static.bershka.net/4/photos2/2022/I/0/1/p/8737/200/611/8737200611_2_4_3.jpg?t=1660029628550,Nylon_cropped_gilet_Violet_7,"[{'url': 'https://static.bershka.net/4/photos2/2022/I/0/1/p/8737/200/611/8737200611_2_4_3.jpg?t=1660029628550', 'path': 'Nylon_cropped_gilet_Violet_7.jpg', 'checksum': '0b2fd3ebf5c7d9b2c033eccd0ce1178c', 'status': 'downloaded'}]"
https://static.bershka.net/4/photos2/2022/I/0/1/p/8737/200/611/8737200611_2_5_3.jpg?t=1662634216003,Nylon_cropped_gilet_Violet_8,"[{'url': 'https://static.bershka.net/4/photos2/2022/I/0/1/p/8737/200/611/8737200611_2_5_3.jpg?t=1662634216003', 'path': 'Nylon_cropped_gilet_Violet_8.jpg', 'checksum': 'e41b6cc4e42e2d2d0beb1718cd627d71', 'status': 'downloaded'}]"
https://static.bershka.net/4/photos2/2022/I/0/1/p/8737/200/800/8737200800_1_1_3.jpg?t=1662634216164,Nylon_cropped_gilet_Black_0,"[{'url': 'https://static.bershka.net/4/photos2/2022/I/0/1/p/8737/200/800/8737200800_1_1_3.jpg?t=1662634216164', 'path': 'Nylon_cropped_gilet_Black_0.jpg', 'checksum': 'b529511102a1028905c84e07358299e2', 'status': 'downloaded'}]"
https://static.bershka.net/4/photos2/2022/I/0/1/p/8737/200/800/8737200800_2_1_3.jpg?t=1662634216164,Nylon_cropped_gilet_Black_4,"[{'url': 'https://static.bershka.net/4/photos2/2022/I/0/1/p/8737/200/800/8737200800_2_1_3.jpg?t=1662634216164', 'path': 'Nylon_cropped_gilet_Black_4.jpg', 'checksum': '5f135d51e716a1a1e946d1c40671079a', 'status': 'downloaded'}]"
https://static.bershka.net/4/photos2/2022/I/0/1/p/8737/200/800/8737200800_2_2_3.jpg?t=1662634216164,Nylon_cropped_gilet_Black_5,"[{'url': 'https://static.bershka.net/4/photos2/2022/I/0/1/p/8737/200/800/8737200800_2_2_3.jpg?t=1662634216164', 'path': 'Nylon_cropped_gilet_Black_5.jpg', 'checksum': 'a159f33d22b0c2888c6d5f5f19b4aba7', 'status': 'downloaded'}]"
https://static.bershka.net/4/photos2/2022/I/0/1/p/8737/200/800/8737200800_2_3_3.jpg?t=1662634216164,Nylon_cropped_gilet_Black_6,"[{'url': 'https://static.bershka.net/4/photos2/2022/I/0/1/p/8737/200/800/8737200800_2_3_3.jpg?t=1662634216164', 'path': 'Nylon_cropped_gilet_Black_6.jpg', 'checksum': '1caf426bf59dfa3c00bfddd3be03fcd8', 'status': 'downloaded'}]"
https://static.bershka.net/4/photos2/2022/I/0/1/p/8737/200/800/8737200800_2_4_3.jpg?t=1660029628686,Nylon_cropped_gilet_Black_7,"[{'url': 'https://static.bershka.net/4/photos2/2022/I/0/1/p/8737/200/800/8737200800_2_4_3.jpg?t=1660029628686', 'path': 'Nylon_cropped_gilet_Black_7.jpg', 'checksum': '2cebf085e902b9b54745e088db127a6d', 'status': 'downloaded'}]"
https://static.bershka.net/4/photos2/2022/I/0/1/p/8737/200/800/8737200800_2_5_3.jpg?t=1662634216164,Nylon_cropped_gilet_Black_8,"[{'url': 'https://static.bershka.net/4/photos2/2022/I/0/1/p/8737/200/800/8737200800_2_5_3.jpg?t=1662634216164', 'path': 'Nylon_cropped_gilet_Black_8.jpg', 'checksum': 'ce4b731d41cdb1163c60ae3b3ba0f057', 'status': 'downloaded'}]"
https://static.bershka.net/4/photos2/2022/I/0/1/p/6707/644/600/6707644600_1_1_3.jpg?t=1656672035184,Belted_faux_leather_biker_jacket_Red_0,"[{'url': 'https://static.bershka.net/4/photos2/2022/I/0/1/p/6707/644/600/6707644600_1_1_3.jpg?t=1656672035184', 'path': 'Belted_faux_leather_biker_jacket_Red_0.jpg', 'checksum': '6718ff367989ad25e98fab448a956ca4', 'status': 'downloaded'}]"
https://static.bershka.net/4/photos2/2022/I/0/1/p/6707/644/600/6707644600_2_4_6.jpg?t=1656672035184,Belted_faux_leather_biker_jacket_Red_1,"[{'url': 'https://static.bershka.net/4/photos2/2022/I/0/1/p/6707/644/600/6707644600_2_4_6.jpg?t=1656672035184', 'path': 'Belted_faux_leather_biker_jacket_Red_1.jpg', 'checksum': 'db3d02635e94fa159e37850c81d142da', 'status': 'downloaded'}]"
https://static.bershka.net/4/photos2/2022/I/0/1/p/6707/644/600/6707644600_2_4_6.jpg?t=1656672035184,Belted_faux_leather_biker_jacket_Black_2,"[{'url': 'https://static.bershka.net/4/photos2/2022/I/0/1/p/6707/644/600/6707644600_2_4_6.jpg?t=1656672035184', 'path': 'Belted_faux_leather_biker_jacket_Red_1.jpg', 'checksum': 'db3d02635e94fa159e37850c81d142da', 'status': 'downloaded'}]"
https://static.bershka.net/4/photos2/2022/I/0/1/p/6707/644/800/6707644800_2_4_6.jpg?t=1656672035251,Belted_faux_leather_biker_jacket_Red_2,"[{'url': 'https://static.bershka.net/4/photos2/2022/I/0/1/p/6707/644/800/6707644800_2_4_6.jpg?t=1656672035251', 'path': 'Belted_faux_leather_biker_jacket_Red_2.jpg', 'checksum': 'f61c203ce176bb0d12918dc52e87a4b3', 'status': 'downloaded'}]"
https://static.bershka.net/4/photos2/2022/I/0/1/p/6707/644/800/6707644800_2_4_6.jpg?t=1656672035251,Belted_faux_leather_biker_jacket_Black_1,"[{'url': 'https://static.bershka.net/4/photos2/2022/I/0/1/p/6707/644/800/6707644800_2_4_6.jpg?t=1656672035251', 'path': 'Belted_faux_leather_biker_jacket_Red_2.jpg', 'checksum': 'f61c203ce176bb0d12918dc52e87a4b3', 'status': 'downloaded'}]"
https://static.bershka.net/4/photos2/2022/I/0/1/p/6707/644/600/6707644600_2_1_3.jpg?t=1656672035184,Belted_faux_leather_biker_jacket_Red_3,"[{'url': 'https://static.bershka.net/4/photos2/2022/I/0/1/p/6707/644/600/6707644600_2_1_3.jpg?t=1656672035184', 'path': 'Belted_faux_leather_biker_jacket_Red_3.jpg', 'checksum': '8d8ed804f67c99f9d7735fb51367b633', 'status': 'downloaded'}]"
https://static.bershka.net/4/photos2/2022/I/0/1/p/6707/644/600/6707644600_2_2_3.jpg?t=1656672035184,Belted_faux_leather_biker_jacket_Red_4,"[{'url': 'https://static.bershka.net/4/photos2/2022/I/0/1/p/6707/644/600/6707644600_2_2_3.jpg?t=1656672035184', 'path': 'Belted_faux_leather_biker_jacket_Red_4.jpg', 'checksum': '7f44527c7724a8d421ddc8679db3cb31', 'status': 'downloaded'}]"
https://static.bershka.net/4/photos2/2022/I/0/1/p/6707/644/600/6707644600_2_3_3.jpg?t=1656672035184,Belted_faux_leather_biker_jacket_Red_5,"[{'url': 'https://static.bershka.net/4/photos2/2022/I/0/1/p/6707/644/600/6707644600_2_3_3.jpg?t=1656672035184', 'path': 'Belted_faux_leather_biker_jacket_Red_5.jpg', 'checksum': 'aeb3bc49c8867c3d451a6f2e4c9a9709', 'status': 'downloaded'}]"
https://static.bershka.net/4/photos2/2022/I/0/1/p/6707/644/600/6707644600_2_4_3.jpg?t=1656672035184,Belted_faux_leather_biker_jacket_Red_6,"[{'url': 'https://static.bershka.net/4/photos2/2022/I/0/1/p/6707/644/600/6707644600_2_4_3.jpg?t=1656672035184', 'path': 'Belted_faux_leather_biker_jacket_Red_6.jpg', 'checksum': 'd2bf7ba988703a7c03c574e9e5bbf7b6', 'status': 'downloaded'}]"
https://static.bershka.net/4/photos2/2022/I/0/1/p/6707/644/600/6707644600_2_5_3.jpg?t=1656672035184,Belted_faux_leather_biker_jacket_Red_7,"[{'url': 'https://static.bershka.net/4/photos2/2022/I/0/1/p/6707/644/600/6707644600_2_5_3.jpg?t=1656672035184', 'path': 'Belted_faux_leather_biker_jacket_Red_7.jpg', 'checksum': '358a1d984962ed430df0c1439517466d', 'status': 'downloaded'}]"
image_urls,image_name,images
https://static.bershka.net/4/photos2/2022/I/0/1/p/6722/407/744/6722407744_1_1_3.jpg?t=1663580785791,Buttoned_double-faced_jacket_Light_Brown_0,"[{'url': 'https://static.bershka.net/4/photos2/2022/I/0/1/p/6722/407/744/6722407744_1_1_3.jpg?t=1663580785791', 'path': 'Buttoned_double-faced_jacket_Light_Brown_0.jpg', 'checksum': 'e06a30fe687158b58567b29b8c964d64', 'status': 'downloaded'}]"
https://static.bershka.net/4/photos2/2022/I/0/1/p/6722/407/744/6722407744_2_1_3.jpg?t=1663580785791,Buttoned_double-faced_jacket_Light_Brown_1,"[{'url': 'https://static.bershka.net/4/photos2/2022/I/0/1/p/6722/407/744/6722407744_2_1_3.jpg?t=1663580785791', 'path': 'Buttoned_double-faced_jacket_Light_Brown_1.jpg', 'checksum': '1b19826b72fcf36ead79fdc50bad6b5c', 'status': 'downloaded'}]"
https://static.bershka.net/4/photos2/2022/I/0/1/p/6722/407/744/6722407744_2_2_3.jpg?t=1663580785791,Buttoned_double-faced_jacket_Light_Brown_2,"[{'url': 'https://static.bershka.net/4/photos2/2022/I/0/1/p/6722/407/744/6722407744_2_2_3.jpg?t=1663580785791', 'path': 'Buttoned_double-faced_jacket_Light_Brown_2.jpg', 'checksum': 'a3753c37553b5682e1298396162a4a46', 'status': 'downloaded'}]"
https://static.bershka.net/4/photos2/2022/I/0/1/p/6722/407/744/6722407744_2_3_3.jpg?t=1663580785791,Buttoned_double-faced_jacket_Light_Brown_3,"[{'url': 'https://static.bershka.net/4/photos2/2022/I/0/1/p/6722/407/744/6722407744_2_3_3.jpg?t=1663580785791', 'path': 'Buttoned_double-faced_jacket_Light_Brown_3.jpg', 'checksum': '0202e87fafc4f33ec9c7eab66a72417f', 'status': 'downloaded'}]"
https://static.bershka.net/4/photos2/2022/I/0/1/p/6722/407/744/6722407744_2_4_3.jpg?t=1663580785791,Buttoned_double-faced_jacket_Light_Brown_4,"[{'url': 'https://static.bershka.net/4/photos2/2022/I/0/1/p/6722/407/744/6722407744_2_4_3.jpg?t=1663580785791', 'path': 'Buttoned_double-faced_jacket_Light_Brown_4.jpg', 'checksum': 'd18cc8743945b72190b4fdf7a57e8ee5', 'status': 'downloaded'}]"
image_urls,image_name,images
https://static.bershka.net/4/photos2/2022/I/0/1/p/6722/407/744/6722407744_1_1_3.jpg?t=1663580785791,Buttoned double-faced jacket-Light Brown-0,"[{'url': 'https://static.bershka.net/4/photos2/2022/I/0/1/p/6722/407/744/6722407744_1_1_3.jpg?t=1663580785791', 'path': 'Buttoned double-faced jacket-Light Brown-0.jpg', 'checksum': 'e06a30fe687158b58567b29b8c964d64', 'status': 'downloaded'}]"
https://static.bershka.net/4/photos2/2022/I/0/1/p/6722/407/744/6722407744_2_1_3.jpg?t=1663580785791,Buttoned double-faced jacket-Light Brown-0,"[{'url': 'https://static.bershka.net/4/photos2/2022/I/0/1/p/6722/407/744/6722407744_2_1_3.jpg?t=1663580785791', 'path': 'Buttoned double-faced jacket-Light Brown-0.jpg', 'checksum': '1b19826b72fcf36ead79fdc50bad6b5c', 'status': 'downloaded'}]"
https://static.bershka.net/4/photos2/2022/I/0/1/p/6722/407/744/6722407744_2_2_3.jpg?t=1663580785791,Buttoned double-faced jacket-Light Brown-1,"[{'url': 'https://static.bershka.net/4/photos2/2022/I/0/1/p/6722/407/744/6722407744_2_2_3.jpg?t=1663580785791', 'path': 'Buttoned double-faced jacket-Light Brown-1.jpg', 'checksum': 'a3753c37553b5682e1298396162a4a46', 'status': 'downloaded'}]"
image_urls,image_name,images
https://static.bershka.net/4/photos2/2022/I/0/1/p/6722/407/744/6722407744_1_1_3.jpg?t=1663580785791,Buttoned double-faced jacket-Light Brown-0,"[{'url': 'https://static.bershka.net/4/photos2/2022/I/0/1/p/6722/407/744/6722407744_1_1_3.jpg?t=1663580785791', 'path': 'Buttoned double-faced jacket-Light Brown-0.jpg', 'checksum': '1b19826b72fcf36ead79fdc50bad6b5c', 'status': 'uptodate'}]"
https://static.bershka.net/4/photos2/2022/I/0/1/p/6722/407/744/6722407744_2_1_3.jpg?t=1663580785791,Buttoned double-faced jacket-Light Brown-0,"[{'url': 'https://static.bershka.net/4/photos2/2022/I/0/1/p/6722/407/744/6722407744_2_1_3.jpg?t=1663580785791', 'path': 'Buttoned double-faced jacket-Light Brown-0.jpg', 'checksum': '1b19826b72fcf36ead79fdc50bad6b5c', 'status': 'uptodate'}]"
https://static.bershka.net/4/photos2/2022/I/0/1/p/6722/407/744/6722407744_2_2_3.jpg?t=1663580785791,Buttoned double-faced jacket-Light Brown-1,"[{'url': 'https://static.bershka.net/4/photos2/2022/I/0/1/p/6722/407/744/6722407744_2_2_3.jpg?t=1663580785791', 'path': 'Buttoned double-faced jacket-Light Brown-1.jpg', 'checksum': 'a3753c37553b5682e1298396162a4a46', 'status': 'uptodate'}]"
https://static.bershka.net/4/photos2/2022/I/0/1/p/6722/407/744/6722407744_2_3_3.jpg?t=1663580785791,Buttoned double-faced jacket-Light Brown-1,"[{'url': 'https://static.bershka.net/4/photos2/2022/I/0/1/p/6722/407/744/6722407744_2_3_3.jpg?t=1663580785791', 'path': 'Buttoned double-faced jacket-Light Brown-1.jpg', 'checksum': 'a3753c37553b5682e1298396162a4a46', 'status': 'uptodate'}]"
https://static.bershka.net/4/photos2/2022/I/0/1/p/6722/407/744/6722407744_2_4_3.jpg?t=1663580785791,Buttoned double-faced jacket-Light Brown-2,"[{'url': 'https://static.bershka.net/4/photos2/2022/I/0/1/p/6722/407/744/6722407744_2_4_3.jpg?t=1663580785791', 'path': 'Buttoned double-faced jacket-Light Brown-2.jpg', 'checksum': 'd18cc8743945b72190b4fdf7a57e8ee5', 'status': 'downloaded'}]"
https://static.bershka.net/4/photos2/2022/I/0/1/p/6722/407/744/6722407744_2_5_3.jpg?t=1663580785791,Buttoned double-faced jacket-Light Brown-2,"[{'url': 'https://static.bershka.net/4/photos2/2022/I/0/1/p/6722/407/744/6722407744_2_5_3.jpg?t=1663580785791', 'path': 'Buttoned double-faced jacket-Light Brown-2.jpg', 'checksum': '8a82b5bb7e7a52ec2cc5ec5d1588c530', 'status': 'downloaded'}]"
https://static.bershka.net/4/photos2/2022/I/0/1/p/6706/644/712/6706644712_1_1_3.jpg?t=1656944224444,Hooded teddy jacket-Cream-0,"[{'url': 'https://static.bershka.net/4/photos2/2022/I/0/1/p/6706/644/712/6706644712_1_1_3.jpg?t=1656944224444', 'path': 'Hooded teddy jacket-Cream-0.jpg', 'checksum': '8ddb69963c9b40b7739be848e0396f7e', 'status': 'downloaded'}]"
https://static.bershka.net/4/photos2/2022/I/0/1/p/6706/644/712/6706644712_2_4_6.jpg?t=1656944224444,Hooded teddy jacket-Cream-0,"[{'url': 'https://static.bershka.net/4/photos2/2022/I/0/1/p/6706/644/712/6706644712_2_4_6.jpg?t=1656944224444', 'path': 'Hooded teddy jacket-Cream-0.jpg', 'checksum': '5330df23b464f8491c650134aa3a7a4a', 'status': 'downloaded'}]"
https://static.bershka.net/4/photos2/2022/I/0/1/p/6706/644/712/6706644712_2_5_3.jpg?t=1656944224444,Hooded teddy jacket-Cream-1,"[{'url': 'https://static.bershka.net/4/photos2/2022/I/0/1/p/6706/644/712/6706644712_2_5_3.jpg?t=1656944224444', 'path': 'Hooded teddy jacket-Cream-1.jpg', 'checksum': 'f2f1d5a0aa32b4fe5635f8f0dc7b7b5b', 'status': 'downloaded'}]"
https://static.bershka.net/4/photos2/2022/I/0/1/p/6949/085/800/6949085800_1_1_3.jpg?t=1657635822683,Faux leather puffer coat-Black-0,"[{'url': 'https://static.bershka.net/4/photos2/2022/I/0/1/p/6949/085/800/6949085800_1_1_3.jpg?t=1657635822683', 'path': 'Faux leather puffer coat-Black-0.jpg', 'checksum': '35c31840a4bad61473c67f649a0a5106', 'status': 'downloaded'}]"
https://static.bershka.net/4/photos2/2022/I/0/1/p/6949/085/800/6949085800_2_1_3.jpg?t=1657635822683,Faux leather puffer coat-Black-0,"[{'url': 'https://static.bershka.net/4/photos2/2022/I/0/1/p/6949/085/800/6949085800_2_1_3.jpg?t=1657635822683', 'path': 'Faux leather puffer coat-Black-0.jpg', 'checksum': '1af416a47c0a157508aee426f3c6c2c2', 'status': 'downloaded'}]"
https://static.bershka.net/4/photos2/2022/I/0/1/p/6949/085/800/6949085800_2_2_3.jpg?t=1657635822683,Faux leather puffer coat-Black-1,"[{'url': 'https://static.bershka.net/4/photos2/2022/I/0/1/p/6949/085/800/6949085800_2_2_3.jpg?t=1657635822683', 'path': 'Faux leather puffer coat-Black-1.jpg', 'checksum': '212da456a94a69ecfb80436017b10f31', 'status': 'downloaded'}]"
https://static.bershka.net/4/photos2/2022/I/0/1/p/6949/085/800/6949085800_2_3_3.jpg?t=1657635822683,Faux leather puffer coat-Black-1,"[{'url': 'https://static.bershka.net/4/photos2/2022/I/0/1/p/6949/085/800/6949085800_2_3_3.jpg?t=1657635822683', 'path': 'Faux leather puffer coat-Black-1.jpg', 'checksum': '0c8fd3f16e2ee232b1632df8a9b6f835', 'status': 'downloaded'}]"
https://static.bershka.net/4/photos2/2022/I/0/1/p/6949/085/800/6949085800_2_4_3.jpg?t=1657635822683,Faux leather puffer coat-Black-2,"[{'url': 'https://static.bershka.net/4/photos2/2022/I/0/1/p/6949/085/800/6949085800_2_4_3.jpg?t=1657635822683', 'path': 'Faux leather puffer coat-Black-2.jpg', 'checksum': 'aeca52e5d85436baace88140a0799997', 'status': 'downloaded'}]"
https://static.bershka.net/4/photos2/2022/I/0/1/p/6949/085/800/6949085800_2_5_3.jpg?t=1657635822683,Faux leather puffer coat-Black-2,"[{'url': 'https://static.bershka.net/4/photos2/2022/I/0/1/p/6949/085/800/6949085800_2_5_3.jpg?t=1657635822683', 'path': 'Faux leather puffer coat-Black-2.jpg', 'checksum': 'b66e440c13a14e71cafff6ee84fac970', 'status': 'downloaded'}]"
https://static.bershka.net/4/photos2/2022/I/0/1/p/6945/644/600/6945644600_1_1_3.jpg?t=1663234241267,Quilted nylon coat with belt-Red-0,"[{'url': 'https://static.bershka.net/4/photos2/2022/I/0/1/p/6945/644/600/6945644600_1_1_3.jpg?t=1663234241267', 'path': 'Quilted nylon coat with belt-Red-0.jpg', 'checksum': '1bf2387b7f3aaeec3981eb6a4caee1be', 'status': 'downloaded'}]"
https://static.bershka.net/4/photos2/2022/I/0/1/p/6945/644/600/6945644600_2_4_6.jpg?t=1658761995938,Quilted nylon coat with belt-Red-0,"[{'url': 'https://static.bershka.net/4/photos2/2022/I/0/1/p/6945/644/600/6945644600_2_4_6.jpg?t=1658761995938', 'path': 'Quilted nylon coat with belt-Red-0.jpg', 'checksum': 'e2e95ab711979c5d84e4cca0eccb9694', 'status': 'downloaded'}]"
https://static.bershka.net/4/photos2/2022/I/0/1/p/6945/644/600/6945644600_2_4_3.jpg?t=1658761995938,Quilted nylon coat with belt-Red-1,"[{'url': 'https://static.bershka.net/4/photos2/2022/I/0/1/p/6945/644/600/6945644600_2_4_3.jpg?t=1658761995938', 'path': 'Quilted nylon coat with belt-Red-1.jpg', 'checksum': '8aee71301ebc9a80e0c55e6338b33d5b', 'status': 'downloaded'}]"
https://static.bershka.net/4/photos2/2022/I/0/1/p/6945/644/600/6945644600_2_5_3.jpg?t=1663234241267,Quilted nylon coat with belt-Red-1,"[{'url': 'https://static.bershka.net/4/photos2/2022/I/0/1/p/6945/644/600/6945644600_2_5_3.jpg?t=1663234241267', 'path': 'Quilted nylon coat with belt-Red-1.jpg', 'checksum': 'd261416f96247383788a5eb98f8dfd47', 'status': 'downloaded'}]"
https://static.bershka.net/4/photos2/2022/I/0/1/p/6945/644/800/6945644800_1_1_3.jpg?t=1663234241341,Quilted nylon coat with belt-Black-0,"[{'url': 'https://static.bershka.net/4/photos2/2022/I/0/1/p/6945/644/800/6945644800_1_1_3.jpg?t=1663234241341', 'path': 'Quilted nylon coat with belt-Black-0.jpg', 'checksum': '683cd35d649e57b41e4f4e198bb1d2af', 'status': 'downloaded'}]"
https://static.bershka.net/4/photos2/2022/I/0/1/p/6945/644/800/6945644800_2_4_6.jpg?t=1656944892570,Quilted nylon coat with belt-Black-0,"[{'url': 'https://static.bershka.net/4/photos2/2022/I/0/1/p/6945/644/800/6945644800_2_4_6.jpg?t=1656944892570', 'path': 'Quilted nylon coat with belt-Black-0.jpg', 'checksum': 'f1e98b378190256fcb87035378f60029', 'status': 'downloaded'}]"
https://static.bershka.net/4/photos2/2022/I/0/1/p/6945/644/800/6945644800_2_1_3.jpg?t=1663234241341,Black,"[{'url': 'https://static.bershka.net/4/photos2/2022/I/0/1/p/6945/644/800/6945644800_2_1_3.jpg?t=1663234241341', 'path': 'Black.jpg', 'checksum': '462be48d5d0a1a24475a8808e905d0af', 'status': 'downloaded'}]"
https://static.bershka.net/4/photos2/2022/I/0/1/p/6945/644/800/6945644800_2_3_3.jpg?t=1663234241341,Red,"[{'url': 'https://static.bershka.net/4/photos2/2022/I/0/1/p/6945/644/800/6945644800_2_3_3.jpg?t=1663234241341', 'path': 'Red.jpg', 'checksum': '72575c607828e1aafbe8cf0b7db13f5a', 'status': 'downloaded'}]"
https://static.bershka.net/4/photos2/2022/I/0/1/p/6945/644/800/6945644800_2_4_3.jpg?t=1656944892570,Quilted nylon coat with belt-Black-1,"[{'url': 'https://static.bershka.net/4/photos2/2022/I/0/1/p/6945/644/800/6945644800_2_4_3.jpg?t=1656944892570', 'path': 'Quilted nylon coat with belt-Black-1.jpg', 'checksum': 'b905f1bfb589d039b7c3b82ac0283d39', 'status': 'downloaded'}]"
https://static.bershka.net/4/photos2/2022/I/0/1/p/6945/644/800/6945644800_2_5_3.jpg?t=1663234241341,Quilted nylon coat with belt-Black-1,"[{'url': 'https://static.bershka.net/4/photos2/2022/I/0/1/p/6945/644/800/6945644800_2_5_3.jpg?t=1663234241341', 'path': 'Quilted nylon coat with belt-Black-1.jpg', 'checksum': 'c99a8a25b452a7f054eda40981e3777f', 'status': 'downloaded'}]"
https://static.bershka.net/4/photos2/2022/I/0/1/p/6964/551/800/6964551800_2_24_3.jpg?t=1661777026556,Short hooded puffer-Black-0,"[{'url': 'https://static.bershka.net/4/photos2/2022/I/0/1/p/6964/551/800/6964551800_2_24_3.jpg?t=1661777026556', 'path': 'Short hooded puffer-Black-0.jpg', 'checksum': 'b75f853f60c05cac0c1d6a29295371c4', 'status': 'downloaded'}]"
https://static.bershka.net/4/photos2/2022/I/0/1/p/6964/551/800/6964551800_2_4_6.jpg?t=1661777026556,Short hooded puffer-Black-0,"[{'url': 'https://static.bershka.net/4/photos2/2022/I/0/1/p/6964/551/800/6964551800_2_4_6.jpg?t=1661777026556', 'path': 'Short hooded puffer-Black-0.jpg', 'checksum': 'bf38584b19ab6d0b9a2e180a7be809c5', 'status': 'downloaded'}]"
https://static.bershka.net/4/photos2/2022/I/0/1/p/6964/551/800/6964551800_2_4_3.jpg?t=1661777026556,Short hooded puffer-Black-1,"[{'url': 'https://static.bershka.net/4/photos2/2022/I/0/1/p/6964/551/800/6964551800_2_4_3.jpg?t=1661777026556', 'path': 'Short hooded puffer-Black-1.jpg', 'checksum': 'c9c56839b9bade9a5653da38ae9725e3', 'status': 'downloaded'}]"
https://static.bershka.net/4/photos2/2022/I/0/1/p/6964/551/800/6964551800_2_5_3.jpg?t=1661777026556,Short hooded puffer-Black-1,"[{'url': 'https://static.bershka.net/4/photos2/2022/I/0/1/p/6964/551/800/6964551800_2_5_3.jpg?t=1661777026556', 'path': 'Short hooded puffer-Black-1.jpg', 'checksum': '43645c0b2443bcd2c6da5dfe59c22d0b', 'status': 'downloaded'}]"
https://static.bershka.net/4/photos2/2022/I/0/1/p/6964/551/706/6964551706_2_24_3.jpg?t=1661777026378,Short hooded puffer-Sand-0,"[{'url': 'https://static.bershka.net/4/photos2/2022/I/0/1/p/6964/551/706/6964551706_2_24_3.jpg?t=1661777026378', 'path': 'Short hooded puffer-Sand-0.jpg', 'checksum': '2eeeaffd345531d315078483aab8fe1f', 'status': 'downloaded'}]"
https://static.bershka.net/4/photos2/2022/I/0/1/p/6964/551/706/6964551706_2_4_6.jpg?t=1661777026378,Short hooded puffer-Sand-0,"[{'url': 'https://static.bershka.net/4/photos2/2022/I/0/1/p/6964/551/706/6964551706_2_4_6.jpg?t=1661777026378', 'path': 'Short hooded puffer-Sand-0.jpg', 'checksum': '74640840a291fc6727a598b5f146b5a0', 'status': 'downloaded'}]"
https://static.bershka.net/4/photos2/2022/I/0/1/p/6964/551/706/6964551706_2_4_3.jpg?t=1661777026378,Short hooded puffer-Sand-1,"[{'url': 'https://static.bershka.net/4/photos2/2022/I/0/1/p/6964/551/706/6964551706_2_4_3.jpg?t=1661777026378', 'path': 'Short hooded puffer-Sand-1.jpg', 'checksum': 'ea6a08aa089207c5fce8df3d1d80c916', 'status': 'downloaded'}]"
https://static.bershka.net/4/photos2/2022/I/0/1/p/6964/551/706/6964551706_2_5_3.jpg?t=1661777026378,Short hooded puffer-Sand-1,"[{'url': 'https://static.bershka.net/4/photos2/2022/I/0/1/p/6964/551/706/6964551706_2_5_3.jpg?t=1661777026378', 'path': 'Short hooded puffer-Sand-1.jpg', 'checksum': '2aa4c84cc4a9bf84db4be478cce86396', 'status': 'downloaded'}]"
https://static.bershka.net/4/photos2/2022/I/0/1/p/6708/644/800/6708644800_1_1_3.jpg?t=1662634177041,Faux leather gilet with hood-Black-0,"[{'url': 'https://static.bershka.net/4/photos2/2022/I/0/1/p/6708/644/800/6708644800_1_1_3.jpg?t=1662634177041', 'path': 'Faux leather gilet with hood-Black-0.jpg', 'checksum': 'e4e0dbfb1caf56dbb4f35d63ac7d03ed', 'status': 'downloaded'}]"
https://static.bershka.net/4/photos2/2022/I/0/1/p/6708/644/800/6708644800_2_1_3.jpg?t=1662634177041,Faux leather gilet with hood-Black-0,"[{'url': 'https://static.bershka.net/4/photos2/2022/I/0/1/p/6708/644/800/6708644800_2_1_3.jpg?t=1662634177041', 'path': 'Faux leather gilet with hood-Black-0.jpg', 'checksum': '739332a4cb329c5613cfb41a1cdc4666', 'status': 'downloaded'}]"
https://static.bershka.net/4/photos2/2022/I/0/1/p/6708/644/800/6708644800_2_2_3.jpg?t=1662634177041,Faux leather gilet with hood-Black-1,"[{'url': 'https://static.bershka.net/4/photos2/2022/I/0/1/p/6708/644/800/6708644800_2_2_3.jpg?t=1662634177041', 'path': 'Faux leather gilet with hood-Black-1.jpg', 'checksum': '32b0a85ee5843e68fad11ce3ce19913f', 'status': 'downloaded'}]"
https://static.bershka.net/4/photos2/2022/I/0/1/p/6708/644/800/6708644800_2_3_3.jpg?t=1662634177041,Faux leather gilet with hood-Black-1,"[{'url': 'https://static.bershka.net/4/photos2/2022/I/0/1/p/6708/644/800/6708644800_2_3_3.jpg?t=1662634177041', 'path': 'Faux leather gilet with hood-Black-1.jpg', 'checksum': '47b896f680a98ef1704cb4ee6e6728b9', 'status': 'downloaded'}]"
https://static.bershka.net/4/photos2/2022/I/0/1/p/6708/644/800/6708644800_2_4_3.jpg?t=1657199186709,Faux leather gilet with hood-Black-2,"[{'url': 'https://static.bershka.net/4/photos2/2022/I/0/1/p/6708/644/800/6708644800_2_4_3.jpg?t=1657199186709', 'path': 'Faux leather gilet with hood-Black-2.jpg', 'checksum': '33413d78538145a0d17e02e811629078', 'status': 'downloaded'}]"
image_urls,image_name,images
https://static.bershka.net/4/photos2/2022/I/0/1/p/6945/644/800/6945644800_2_4_6.jpg?t=1656944892570,Quilted_nylon_coat_with_belt_Red_2,"[{'url': 'https://static.bershka.net/4/photos2/2022/I/0/1/p/6945/644/800/6945644800_2_4_6.jpg?t=1656944892570', 'path': 'Quilted_nylon_coat_with_belt_Red_2.jpg', 'checksum': 'f1e98b378190256fcb87035378f60029', 'status': 'downloaded'}]"
https://static.bershka.net/4/photos2/2022/I/0/1/p/6945/644/600/6945644600_2_1_3.jpg?t=1663234241267,Quilted_nylon_coat_with_belt_Red_3,"[{'url': 'https://static.bershka.net/4/photos2/2022/I/0/1/p/6945/644/600/6945644600_2_1_3.jpg?t=1663234241267', 'path': 'Quilted_nylon_coat_with_belt_Red_3.jpg', 'checksum': '6e50932a8c4f3864ece544b03571cb03', 'status': 'downloaded'}]"
https://static.bershka.net/4/photos2/2022/I/0/1/p/6945/644/600/6945644600_2_2_3.jpg?t=1663234241267,Quilted_nylon_coat_with_belt_Red_4,"[{'url': 'https://static.bershka.net/4/photos2/2022/I/0/1/p/6945/644/600/6945644600_2_2_3.jpg?t=1663234241267', 'path': 'Quilted_nylon_coat_with_belt_Red_4.jpg', 'checksum': '80d4b4839b15579ce2223d02b702c225', 'status': 'downloaded'}]"
https://static.bershka.net/4/photos2/2022/I/0/1/p/6945/644/600/6945644600_2_3_3.jpg?t=1663234241267,Quilted_nylon_coat_with_belt_Red_5,"[{'url': 'https://static.bershka.net/4/photos2/2022/I/0/1/p/6945/644/600/6945644600_2_3_3.jpg?t=1663234241267', 'path': 'Quilted_nylon_coat_with_belt_Red_5.jpg', 'checksum': '5585f26769069ac7dea069ee30eb9e79', 'status': 'downloaded'}]"
https://static.bershka.net/4/photos2/2022/I/0/1/p/6945/644/600/6945644600_2_4_6.jpg?t=1658761995938,Quilted_nylon_coat_with_belt_Black_2,"[{'url': 'https://static.bershka.net/4/photos2/2022/I/0/1/p/6945/644/600/6945644600_2_4_6.jpg?t=1658761995938', 'path': 'Quilted_nylon_coat_with_belt_Black_2.jpg', 'checksum': 'e2e95ab711979c5d84e4cca0eccb9694', 'status': 'downloaded'}]"
https://static.bershka.net/4/photos2/2022/I/0/1/p/6945/644/800/6945644800_2_1_3.jpg?t=1663234241341,Quilted_nylon_coat_with_belt_Black_3,"[{'url': 'https://static.bershka.net/4/photos2/2022/I/0/1/p/6945/644/800/6945644800_2_1_3.jpg?t=1663234241341', 'path': 'Quilted_nylon_coat_with_belt_Black_3.jpg', 'checksum': '462be48d5d0a1a24475a8808e905d0af', 'status': 'downloaded'}]"
https://static.bershka.net/4/photos2/2022/I/0/1/p/6945/644/800/6945644800_2_2_3.jpg?t=1663234241341,Quilted_nylon_coat_with_belt_Black_4,"[{'url': 'https://static.bershka.net/4/photos2/2022/I/0/1/p/6945/644/800/6945644800_2_2_3.jpg?t=1663234241341', 'path': 'Quilted_nylon_coat_with_belt_Black_4.jpg', 'checksum': 'e6adf98bda8666a220c536eea9a9eef5', 'status': 'downloaded'}]"
https://static.bershka.net/4/photos2/2022/I/0/1/p/6945/644/800/6945644800_2_3_3.jpg?t=1663234241341,Quilted_nylon_coat_with_belt_Black_5,"[{'url': 'https://static.bershka.net/4/photos2/2022/I/0/1/p/6945/644/800/6945644800_2_3_3.jpg?t=1663234241341', 'path': 'Quilted_nylon_coat_with_belt_Black_5.jpg', 'checksum': '72575c607828e1aafbe8cf0b7db13f5a', 'status': 'downloaded'}]"
https://static.bershka.net/4/photos2/2022/I/0/1/p/6964/551/706/6964551706_2_4_6.jpg?t=1661777026378,Short_hooded_puffer_Black_2,"[{'url': 'https://static.bershka.net/4/photos2/2022/I/0/1/p/6964/551/706/6964551706_2_4_6.jpg?t=1661777026378', 'path': 'Short_hooded_puffer_Black_2.jpg', 'checksum': '74640840a291fc6727a598b5f146b5a0', 'status': 'downloaded'}]"
https://static.bershka.net/4/photos2/2022/I/0/1/p/6964/551/800/6964551800_1_1_3.jpg?t=1661777026556,Short_hooded_puffer_Black_3,"[{'url': 'https://static.bershka.net/4/photos2/2022/I/0/1/p/6964/551/800/6964551800_1_1_3.jpg?t=1661777026556', 'path': 'Short_hooded_puffer_Black_3.jpg', 'checksum': 'b75ac0e911b984ea04c82b7ac7318549', 'status': 'downloaded'}]"
https://static.bershka.net/4/photos2/2022/I/0/1/p/6964/551/800/6964551800_2_1_3.jpg?t=1661777026556,Short_hooded_puffer_Black_4,"[{'url': 'https://static.bershka.net/4/photos2/2022/I/0/1/p/6964/551/800/6964551800_2_1_3.jpg?t=1661777026556', 'path': 'Short_hooded_puffer_Black_4.jpg', 'checksum': '13d6c8fd8132fd9e4d3a15014f55c5a2', 'status': 'downloaded'}]"
https://static.bershka.net/4/photos2/2022/I/0/1/p/6964/551/800/6964551800_2_2_3.jpg?t=1661777026556,Short_hooded_puffer_Black_5,"[{'url': 'https://static.bershka.net/4/photos2/2022/I/0/1/p/6964/551/800/6964551800_2_2_3.jpg?t=1661777026556', 'path': 'Short_hooded_puffer_Black_5.jpg', 'checksum': '8386cf2d33b0e4fb8761309054b8f6d5', 'status': 'downloaded'}]"
https://static.bershka.net/4/photos2/2022/I/0/1/p/6964/551/800/6964551800_2_4_6.jpg?t=1661777026556,Short_hooded_puffer_Sand_2,"[{'url': 'https://static.bershka.net/4/photos2/2022/I/0/1/p/6964/551/800/6964551800_2_4_6.jpg?t=1661777026556', 'path': 'Short_hooded_puffer_Sand_2.jpg', 'checksum': 'bf38584b19ab6d0b9a2e180a7be809c5', 'status': 'downloaded'}]"
https://static.bershka.net/4/photos2/2022/I/0/1/p/6964/551/706/6964551706_1_1_3.jpg?t=1661777026378,Short_hooded_puffer_Sand_3,"[{'url': 'https://static.bershka.net/4/photos2/2022/I/0/1/p/6964/551/706/6964551706_1_1_3.jpg?t=1661777026378', 'path': 'Short_hooded_puffer_Sand_3.jpg', 'checksum': 'f4324173fc11ccb6f741bd1254bc8bfb', 'status': 'downloaded'}]"
https://static.bershka.net/4/photos2/2022/I/0/1/p/6964/551/706/6964551706_2_1_3.jpg?t=1661777026378,Short_hooded_puffer_Sand_4,"[{'url': 'https://static.bershka.net/4/photos2/2022/I/0/1/p/6964/551/706/6964551706_2_1_3.jpg?t=1661777026378', 'path': 'Short_hooded_puffer_Sand_4.jpg', 'checksum': '9420e7c5b01fa063becf59203f193cd7', 'status': 'downloaded'}]"
https://static.bershka.net/4/photos2/2022/I/0/1/p/6964/551/706/6964551706_2_2_3.jpg?t=1661777026378,Short_hooded_puffer_Sand_5,"[{'url': 'https://static.bershka.net/4/photos2/2022/I/0/1/p/6964/551/706/6964551706_2_2_3.jpg?t=1661777026378', 'path': 'Short_hooded_puffer_Sand_5.jpg', 'checksum': '580ce4f187935921f59b6125458a0c7d', 'status': 'downloaded'}]"
https://static.bershka.net/4/photos2/2022/I/0/1/p/8780/551/800/8780551800_2_4_6.jpg?t=1657111299812,Reversible_cropped_gilet_garnet_2,"[{'url': 'https://static.bershka.net/4/photos2/2022/I/0/1/p/8780/551/800/8780551800_2_4_6.jpg?t=1657111299812', 'path': 'Reversible_cropped_gilet_garnet_2.jpg', 'checksum': '7a42164a75e8c81515e5c696a61522ca', 'status': 'downloaded'}]"
https://static.bershka.net/4/photos2/2022/I/0/1/p/8780/551/800/8780551800_2_4_6.jpg?t=1657111299812,Reversible_cropped_gilet_garnet_2,"[{'url': 'https://static.bershka.net/4/photos2/2022/I/0/1/p/8780/551/800/8780551800_2_4_6.jpg?t=1657111299812', 'path': 'Reversible_cropped_gilet_garnet_2.jpg', 'checksum': '7a42164a75e8c81515e5c696a61522ca', 'status': 'downloaded'}]"
https://static.bershka.net/4/photos2/2022/I/0/1/p/8780/551/605//01/8780551605_2_1_3.jpg?t=1662564197716,Reversible_cropped_gilet_garnet_3,"[{'url': 'https://static.bershka.net/4/photos2/2022/I/0/1/p/8780/551/605//01/8780551605_2_1_3.jpg?t=1662564197716', 'path': 'Reversible_cropped_gilet_garnet_3.jpg', 'checksum': '5ba0c77fda2f662608094ac2d456b92f', 'status': 'downloaded'}]"
https://static.bershka.net/4/photos2/2022/I/0/1/p/8780/551/605//01/8780551605_2_2_3.jpg?t=1662564197716,Reversible_cropped_gilet_garnet_4,"[{'url': 'https://static.bershka.net/4/photos2/2022/I/0/1/p/8780/551/605//01/8780551605_2_2_3.jpg?t=1662564197716', 'path': 'Reversible_cropped_gilet_garnet_4.jpg', 'checksum': '81e32786f6a1f5ead6d0006f4f941294', 'status': 'downloaded'}]"
https://static.bershka.net/4/photos2/2022/I/0/1/p/8780/551/605//01/8780551605_2_3_3.jpg?t=1662564197716,Reversible_cropped_gilet_garnet_5,"[{'url': 'https://static.bershka.net/4/photos2/2022/I/0/1/p/8780/551/605//01/8780551605_2_3_3.jpg?t=1662564197716', 'path': 'Reversible_cropped_gilet_garnet_5.jpg', 'checksum': 'da2e59576f43ec6f35f159ff70644f35', 'status': 'downloaded'}]"
https://static.bershka.net/4/photos2/2022/I/0/1/p/8780/551/605/8780551605_2_1_3.jpg?t=1661871019736,Reversible_cropped_gilet_garnet_3,"[{'url': 'https://static.bershka.net/4/photos2/2022/I/0/1/p/8780/551/605/8780551605_2_1_3.jpg?t=1661871019736', 'path': 'Reversible_cropped_gilet_garnet_3.jpg', 'checksum': 'b32c1f1763ef7bbecf466de975840749', 'status': 'downloaded'}]"
https://static.bershka.net/4/photos2/2022/I/0/1/p/8780/551/605/8780551605_2_2_3.jpg?t=1661871019736,Reversible_cropped_gilet_garnet_4,"[{'url': 'https://static.bershka.net/4/photos2/2022/I/0/1/p/8780/551/605/8780551605_2_2_3.jpg?t=1661871019736', 'path': 'Reversible_cropped_gilet_garnet_4.jpg', 'checksum': '9ae1ca0ea0d3cdc6d68d94a714d35a7e', 'status': 'downloaded'}]"
https://static.bershka.net/4/photos2/2022/I/0/1/p/8780/551/605/8780551605_2_3_3.jpg?t=1661871019736,Reversible_cropped_gilet_garnet_5,"[{'url': 'https://static.bershka.net/4/photos2/2022/I/0/1/p/8780/551/605/8780551605_2_3_3.jpg?t=1661871019736', 'path': 'Reversible_cropped_gilet_garnet_5.jpg', 'checksum': '7aaba6e7e21c292c092a63618bdb268a', 'status': 'downloaded'}]"
https://static.bershka.net/4/photos2/2022/I/0/1/p/8780/551/605/8780551605_2_4_6.jpg?t=1663150878629,Reversible_cropped_gilet_Black_2,"[{'url': 'https://static.bershka.net/4/photos2/2022/I/0/1/p/8780/551/605/8780551605_2_4_6.jpg?t=1663150878629', 'path': 'Reversible_cropped_gilet_Black_2.jpg', 'checksum': 'c94dd844f9e887a6afc2f8ecd22aafea', 'status': 'downloaded'}]"
https://static.bershka.net/4/photos2/2022/I/0/1/p/8780/551/605/8780551605_2_4_6.jpg?t=1663150878629,Reversible_cropped_gilet_Black_2,"[{'url': 'https://static.bershka.net/4/photos2/2022/I/0/1/p/8780/551/605/8780551605_2_4_6.jpg?t=1663150878629', 'path': 'Reversible_cropped_gilet_Black_2.jpg', 'checksum': 'c94dd844f9e887a6afc2f8ecd22aafea', 'status': 'downloaded'}]"
https://static.bershka.net/4/photos2/2022/I/0/1/p/8780/551/800/8780551800_2_1_3.jpg?t=1663325431408,Reversible_cropped_gilet_Black_3,"[{'url': 'https://static.bershka.net/4/photos2/2022/I/0/1/p/8780/551/800/8780551800_2_1_3.jpg?t=1663325431408', 'path': 'Reversible_cropped_gilet_Black_3.jpg', 'checksum': '1d8ba9a1600583bded4f2d3c08288e3d', 'status': 'downloaded'}]"
https://static.bershka.net/4/photos2/2022/I/0/1/p/8780/551/800/8780551800_2_2_3.jpg?t=1663325431408,Reversible_cropped_gilet_Black_4,"[{'url': 'https://static.bershka.net/4/photos2/2022/I/0/1/p/8780/551/800/8780551800_2_2_3.jpg?t=1663325431408', 'path': 'Reversible_cropped_gilet_Black_4.jpg', 'checksum': '03d2eb84ee29e2d5869816d46582efb2', 'status': 'downloaded'}]"
https://static.bershka.net/4/photos2/2022/I/0/1/p/8780/551/800/8780551800_2_3_3.jpg?t=1663325431408,Reversible_cropped_gilet_Black_5,"[{'url': 'https://static.bershka.net/4/photos2/2022/I/0/1/p/8780/551/800/8780551800_2_3_3.jpg?t=1663325431408', 'path': 'Reversible_cropped_gilet_Black_5.jpg', 'checksum': 'ca79686f7e1d058e986d8a5ab40e42a6', 'status': 'downloaded'}]"
https://static.bershka.net/4/photos2/2022/I/0/1/p/8780/551/800//01/8780551800_2_1_3.jpg?t=1662634244243,Reversible_cropped_gilet_Black_3,"[{'url': 'https://static.bershka.net/4/photos2/2022/I/0/1/p/8780/551/800//01/8780551800_2_1_3.jpg?t=1662634244243', 'path': 'Reversible_cropped_gilet_Black_3.jpg', 'checksum': '082f96d0a1944e2625c7e2612dd9ab0b', 'status': 'downloaded'}]"
https://static.bershka.net/4/photos2/2022/I/0/1/p/8780/551/800//01/8780551800_2_2_3.jpg?t=1662634244243,Reversible_cropped_gilet_Black_4,"[{'url': 'https://static.bershka.net/4/photos2/2022/I/0/1/p/8780/551/800//01/8780551800_2_2_3.jpg?t=1662634244243', 'path': 'Reversible_cropped_gilet_Black_4.jpg', 'checksum': '1424d792c1a0e2795bfe0f4ca401a086', 'status': 'downloaded'}]"
https://static.bershka.net/4/photos2/2022/I/0/1/p/8780/551/800//01/8780551800_2_3_3.jpg?t=1662634244243,Reversible_cropped_gilet_Black_5,"[{'url': 'https://static.bershka.net/4/photos2/2022/I/0/1/p/8780/551/800//01/8780551800_2_3_3.jpg?t=1662634244243', 'path': 'Reversible_cropped_gilet_Black_5.jpg', 'checksum': '25c3011251ec61d759192dbbfa801bb1', 'status': 'downloaded'}]"
image_urls,image_name,images
https://static.bershka.net/4/photos2/2022/I/0/1/p/6722/407/744/6722407744_1_1_3.jpg?t=1663580785791,Buttoned double-faced jacket-Light Brown-0,"[{'url': 'https://static.bershka.net/4/photos2/2022/I/0/1/p/6722/407/744/6722407744_1_1_3.jpg?t=1663580785791', 'path': 'Buttoned double-faced jacket-Light Brown-0.jpg', 'checksum': 'e06a30fe687158b58567b29b8c964d64', 'status': 'downloaded'}]"
https://static.bershka.net/4/photos2/2022/I/0/1/p/6722/407/744/6722407744_2_1_3.jpg?t=1663580785791,Buttoned double-faced jacket-Light Brown-0,"[{'url': 'https://static.bershka.net/4/photos2/2022/I/0/1/p/6722/407/744/6722407744_2_1_3.jpg?t=1663580785791', 'path': 'Buttoned double-faced jacket-Light Brown-0.jpg', 'checksum': '1b19826b72fcf36ead79fdc50bad6b5c', 'status': 'downloaded'}]"
https://static.bershka.net/4/photos2/2022/I/0/1/p/6722/407/744/6722407744_2_2_3.jpg?t=1663580785791,Buttoned double-faced jacket-Light Brown-1,"[{'url': 'https://static.bershka.net/4/photos2/2022/I/0/1/p/6722/407/744/6722407744_2_2_3.jpg?t=1663580785791', 'path': 'Buttoned double-faced jacket-Light Brown-1.jpg', 'checksum': 'a3753c37553b5682e1298396162a4a46', 'status': 'downloaded'}]"
https://static.bershka.net/4/photos2/2022/I/0/1/p/6722/407/744/6722407744_2_3_3.jpg?t=1663580785791,Buttoned double-faced jacket-Light Brown-1,"[{'url': 'https://static.bershka.net/4/photos2/2022/I/0/1/p/6722/407/744/6722407744_2_3_3.jpg?t=1663580785791', 'path': 'Buttoned double-faced jacket-Light Brown-1.jpg', 'checksum': '0202e87fafc4f33ec9c7eab66a72417f', 'status': 'downloaded'}]"
https://static.bershka.net/4/photos2/2022/I/0/1/p/6722/407/744/6722407744_2_4_3.jpg?t=1663580785791,Buttoned double-faced jacket-Light Brown-2,"[{'url': 'https://static.bershka.net/4/photos2/2022/I/0/1/p/6722/407/744/6722407744_2_4_3.jpg?t=1663580785791', 'path': 'Buttoned double-faced jacket-Light Brown-2.jpg', 'checksum': 'd18cc8743945b72190b4fdf7a57e8ee5', 'status': 'downloaded'}]"
https://static.bershka.net/4/photos2/2022/I/0/1/p/6722/407/744/6722407744_2_5_3.jpg?t=1663580785791,Buttoned double-faced jacket-Light Brown-2,"[{'url': 'https://static.bershka.net/4/photos2/2022/I/0/1/p/6722/407/744/6722407744_2_5_3.jpg?t=1663580785791', 'path': 'Buttoned double-faced jacket-Light Brown-2.jpg', 'checksum': '8a82b5bb7e7a52ec2cc5ec5d1588c530', 'status': 'downloaded'}]"
https://static.bershka.net/4/photos2/2022/I/0/1/p/8737/200/611/8737200611_1_1_3.jpg?t=1662634216003,Nylon cropped gilet-Violet-0,"[{'url': 'https://static.bershka.net/4/photos2/2022/I/0/1/p/8737/200/611/8737200611_1_1_3.jpg?t=1662634216003', 'path': 'Nylon cropped gilet-Violet-0.jpg', 'checksum': '3315c73f9a0b0d344932b6b278ddcb50', 'status': 'downloaded'}]"
https://static.bershka.net/4/photos2/2022/I/0/1/p/8737/200/611/8737200611_2_4_6.jpg?t=1660029628550,Nylon cropped gilet-Violet-0,"[{'url': 'https://static.bershka.net/4/photos2/2022/I/0/1/p/8737/200/611/8737200611_2_4_6.jpg?t=1660029628550', 'path': 'Nylon cropped gilet-Violet-0.jpg', 'checksum': 'a097e9c8feb54201dae39f7652f38ca4', 'status': 'downloaded'}]"
https://static.bershka.net/4/photos2/2022/I/0/1/p/8737/200/611/8737200611_2_5_3.jpg?t=1662634216003,Nylon cropped gilet-Violet-1,"[{'url': 'https://static.bershka.net/4/photos2/2022/I/0/1/p/8737/200/611/8737200611_2_5_3.jpg?t=1662634216003', 'path': 'Nylon cropped gilet-Violet-1.jpg', 'checksum': 'e41b6cc4e42e2d2d0beb1718cd627d71', 'status': 'downloaded'}]"
https://static.bershka.net/4/photos2/2022/I/0/1/p/8737/200/800/8737200800_1_1_3.jpg?t=1662634216164,Nylon cropped gilet-Black-0,"[{'url': 'https://static.bershka.net/4/photos2/2022/I/0/1/p/8737/200/800/8737200800_1_1_3.jpg?t=1662634216164', 'path': 'Nylon cropped gilet-Black-0.jpg', 'checksum': 'b529511102a1028905c84e07358299e2', 'status': 'downloaded'}]"
https://static.bershka.net/4/photos2/2022/I/0/1/p/8737/200/800/8737200800_2_4_6.jpg?t=1660029628686,Nylon cropped gilet-Black-0,"[{'url': 'https://static.bershka.net/4/photos2/2022/I/0/1/p/8737/200/800/8737200800_2_4_6.jpg?t=1660029628686', 'path': 'Nylon cropped gilet-Black-0.jpg', 'checksum': 'db169ec632387737ff4a102407b68476', 'status': 'downloaded'}]"
https://static.bershka.net/4/photos2/2022/I/0/1/p/8737/200/800/8737200800_2_5_3.jpg?t=1662634216164,Nylon cropped gilet-Black-1,"[{'url': 'https://static.bershka.net/4/photos2/2022/I/0/1/p/8737/200/800/8737200800_2_5_3.jpg?t=1662634216164', 'path': 'Nylon cropped gilet-Black-1.jpg', 'checksum': 'ce4b731d41cdb1163c60ae3b3ba0f057', 'status': 'downloaded'}]"
https://static.bershka.net/4/photos2/2022/I/0/1/p/6707/644/800/6707644800_1_1_3.jpg?t=1660819932626,Belted faux leather biker jacket-Black-0,"[{'url': 'https://static.bershka.net/4/photos2/2022/I/0/1/p/6707/644/800/6707644800_1_1_3.jpg?t=1660819932626', 'path': 'Belted faux leather biker jacket-Black-0.jpg', 'checksum': 'bd225b33ffe8b1386d83d28530186c76', 'status': 'downloaded'}]"
https://static.bershka.net/4/photos2/2022/I/0/1/p/6707/644/800/6707644800_2_4_6.jpg?t=1656672035251,Belted faux leather biker jacket-Black-0,"[{'url': 'https://static.bershka.net/4/photos2/2022/I/0/1/p/6707/644/800/6707644800_2_4_6.jpg?t=1656672035251', 'path': 'Belted faux leather biker jacket-Black-0.jpg', 'checksum': 'f61c203ce176bb0d12918dc52e87a4b3', 'status': 'downloaded'}]"
https://static.bershka.net/4/photos2/2022/I/0/1/p/6707/644/800/6707644800_2_4_3.jpg?t=1656672035251,Belted faux leather biker jacket-Black-1,"[{'url': 'https://static.bershka.net/4/photos2/2022/I/0/1/p/6707/644/800/6707644800_2_4_3.jpg?t=1656672035251', 'path': 'Belted faux leather biker jacket-Black-1.jpg', 'checksum': 'b475b510bfd2b20292df95f671003b11', 'status': 'downloaded'}]"
https://static.bershka.net/4/photos2/2022/I/0/1/p/6707/644/800/6707644800_2_5_3.jpg?t=1660819932626,Belted faux leather biker jacket-Black-1,"[{'url': 'https://static.bershka.net/4/photos2/2022/I/0/1/p/6707/644/800/6707644800_2_5_3.jpg?t=1660819932626', 'path': 'Belted faux leather biker jacket-Black-1.jpg', 'checksum': '193cef15edd09717e3778937b5ab45bd', 'status': 'downloaded'}]"
https://static.bershka.net/4/photos2/2022/I/0/1/p/6497/777/800/6497777800_1_1_3.jpg?t=1662036434700,Oversize faux leather biker jacket-Black-0,"[{'url': 'https://static.bershka.net/4/photos2/2022/I/0/1/p/6497/777/800/6497777800_1_1_3.jpg?t=1662036434700', 'path': 'Oversize faux leather biker jacket-Black-0.jpg', 'checksum': 'f55e3c6ebe40e506d4e8800ed3642771', 'status': 'downloaded'}]"
https://static.bershka.net/4/photos2/2022/I/0/1/p/6497/777/800/6497777800_2_1_3.jpg?t=1662036434700,Oversize faux leather biker jacket-Black-0,"[{'url': 'https://static.bershka.net/4/photos2/2022/I/0/1/p/6497/777/800/6497777800_2_1_3.jpg?t=1662036434700', 'path': 'Oversize faux leather biker jacket-Black-0.jpg', 'checksum': '82ac6ab5921acda00501f8a3e554e4d7', 'status': 'downloaded'}]"
https://static.bershka.net/4/photos2/2022/I/0/1/p/6497/777/800/6497777800_2_2_3.jpg?t=1662036434700,Oversize faux leather biker jacket-Black-1,"[{'url': 'https://static.bershka.net/4/photos2/2022/I/0/1/p/6497/777/800/6497777800_2_2_3.jpg?t=1662036434700', 'path': 'Oversize faux leather biker jacket-Black-1.jpg', 'checksum': '9e0ec5b28d4fe5e6fb91a1a3765ce97e', 'status': 'downloaded'}]"
https://static.bershka.net/4/photos2/2022/I/0/1/p/6497/777/800/6497777800_2_3_3.jpg?t=1662036434700,Oversize faux leather biker jacket-Black-1,"[{'url': 'https://static.bershka.net/4/photos2/2022/I/0/1/p/6497/777/800/6497777800_2_3_3.jpg?t=1662036434700', 'path': 'Oversize faux leather biker jacket-Black-1.jpg', 'checksum': 'e788dda2adfe1587a3dad67e34a9b835', 'status': 'downloaded'}]"
https://static.bershka.net/4/photos2/2022/I/0/1/p/6497/777/800/6497777800_2_4_3.jpg?t=1631541354107,Oversize faux leather biker jacket-Black-2,"[{'url': 'https://static.bershka.net/4/photos2/2022/I/0/1/p/6497/777/800/6497777800_2_4_3.jpg?t=1631541354107', 'path': 'Oversize faux leather biker jacket-Black-2.jpg', 'checksum': 'dad2b0318c37df6d334773d38b49e0b7', 'status': 'downloaded'}]"
image_urls,image_name,images
https://static.bershka.net/4/photos2/2022/I/0/1/p/6722/407/744/6722407744_1_1_3.jpg?t=1663580785791,Buttoned_double-faced_jacket_Light_Brown_0,"[{'url': 'https://static.bershka.net/4/photos2/2022/I/0/1/p/6722/407/744/6722407744_1_1_3.jpg?t=1663580785791', 'path': 'Buttoned_double-faced_jacket_Light_Brown_0.jpg', 'checksum': 'e06a30fe687158b58567b29b8c964d64', 'status': 'downloaded'}]"
https://static.bershka.net/4/photos2/2022/I/0/1/p/6722/407/744/6722407744_2_1_3.jpg?t=1663580785791,Buttoned_double-faced_jacket_Light_Brown_1,"[{'url': 'https://static.bershka.net/4/photos2/2022/I/0/1/p/6722/407/744/6722407744_2_1_3.jpg?t=1663580785791', 'path': 'Buttoned_double-faced_jacket_Light_Brown_1.jpg', 'checksum': '1b19826b72fcf36ead79fdc50bad6b5c', 'status': 'downloaded'}]"
https://static.bershka.net/4/photos2/2022/I/0/1/p/6722/407/744/6722407744_2_2_3.jpg?t=1663580785791,Buttoned_double-faced_jacket_Light_Brown_2,"[{'url': 'https://static.bershka.net/4/photos2/2022/I/0/1/p/6722/407/744/6722407744_2_2_3.jpg?t=1663580785791', 'path': 'Buttoned_double-faced_jacket_Light_Brown_2.jpg', 'checksum': 'a3753c37553b5682e1298396162a4a46', 'status': 'downloaded'}]"
https://static.bershka.net/4/photos2/2022/I/0/1/p/6722/407/744/6722407744_2_3_3.jpg?t=1663580785791,Buttoned_double-faced_jacket_Light_Brown_3,"[{'url': 'https://static.bershka.net/4/photos2/2022/I/0/1/p/6722/407/744/6722407744_2_3_3.jpg?t=1663580785791', 'path': 'Buttoned_double-faced_jacket_Light_Brown_3.jpg', 'checksum': '0202e87fafc4f33ec9c7eab66a72417f', 'status': 'downloaded'}]"
https://static.bershka.net/4/photos2/2022/I/0/1/p/6722/407/744/6722407744_2_4_3.jpg?t=1663580785791,Buttoned_double-faced_jacket_Light_Brown_4,"[{'url': 'https://static.bershka.net/4/photos2/2022/I/0/1/p/6722/407/744/6722407744_2_4_3.jpg?t=1663580785791', 'path': 'Buttoned_double-faced_jacket_Light_Brown_4.jpg', 'checksum': 'd18cc8743945b72190b4fdf7a57e8ee5', 'status': 'downloaded'}]"
https://static.bershka.net/4/photos2/2022/I/0/1/p/6722/407/744/6722407744_2_5_3.jpg?t=1663580785791,Buttoned_double-faced_jacket_Light_Brown_5,"[{'url': 'https://static.bershka.net/4/photos2/2022/I/0/1/p/6722/407/744/6722407744_2_5_3.jpg?t=1663580785791', 'path': 'Buttoned_double-faced_jacket_Light_Brown_5.jpg', 'checksum': '8a82b5bb7e7a52ec2cc5ec5d1588c530', 'status': 'downloaded'}]"
https://static.bershka.net/4/photos2/2022/I/0/1/p/6707/644/800/6707644800_1_1_3.jpg?t=1660819932626,Belted_faux_leather_biker_jacket_Black_0,"[{'url': 'https://static.bershka.net/4/photos2/2022/I/0/1/p/6707/644/800/6707644800_1_1_3.jpg?t=1660819932626', 'path': 'Belted_faux_leather_biker_jacket_Black_0.jpg', 'checksum': 'bd225b33ffe8b1386d83d28530186c76', 'status': 'downloaded'}]"
https://static.bershka.net/4/photos2/2022/I/0/1/p/6707/644/800/6707644800_2_4_6.jpg?t=1656672035251,Belted_faux_leather_biker_jacket_Black_1,"[{'url': 'https://static.bershka.net/4/photos2/2022/I/0/1/p/6707/644/800/6707644800_2_4_6.jpg?t=1656672035251', 'path': 'Belted_faux_leather_biker_jacket_Black_1.jpg', 'checksum': 'f61c203ce176bb0d12918dc52e87a4b3', 'status': 'downloaded'}]"
https://static.bershka.net/4/photos2/2022/I/0/1/p/6707/644/800/6707644800_2_4_3.jpg?t=1656672035251,Belted_faux_leather_biker_jacket_Black_6,"[{'url': 'https://static.bershka.net/4/photos2/2022/I/0/1/p/6707/644/800/6707644800_2_4_3.jpg?t=1656672035251', 'path': 'Belted_faux_leather_biker_jacket_Black_6.jpg', 'checksum': 'b475b510bfd2b20292df95f671003b11', 'status': 'downloaded'}]"
https://static.bershka.net/4/photos2/2022/I/0/1/p/6707/644/800/6707644800_2_5_3.jpg?t=1660819932626,Belted_faux_leather_biker_jacket_Black_7,"[{'url': 'https://static.bershka.net/4/photos2/2022/I/0/1/p/6707/644/800/6707644800_2_5_3.jpg?t=1660819932626', 'path': 'Belted_faux_leather_biker_jacket_Black_7.jpg', 'checksum': '193cef15edd09717e3778937b5ab45bd', 'status': 'downloaded'}]"
https://static.bershka.net/4/photos2/2022/I/0/1/p/6497/777/800/6497777800_1_1_3.jpg?t=1662036434700,Oversize_faux_leather_biker_jacket_Black_0,"[{'url': 'https://static.bershka.net/4/photos2/2022/I/0/1/p/6497/777/800/6497777800_1_1_3.jpg?t=1662036434700', 'path': 'Oversize_faux_leather_biker_jacket_Black_0.jpg', 'checksum': 'f55e3c6ebe40e506d4e8800ed3642771', 'status': 'downloaded'}]"
https://static.bershka.net/4/photos2/2022/I/0/1/p/6497/777/800/6497777800_2_1_3.jpg?t=1662036434700,Oversize_faux_leather_biker_jacket_Black_1,"[{'url': 'https://static.bershka.net/4/photos2/2022/I/0/1/p/6497/777/800/6497777800_2_1_3.jpg?t=1662036434700', 'path': 'Oversize_faux_leather_biker_jacket_Black_1.jpg', 'checksum': '82ac6ab5921acda00501f8a3e554e4d7', 'status': 'downloaded'}]"
https://static.bershka.net/4/photos2/2022/I/0/1/p/6497/777/800/6497777800_2_2_3.jpg?t=1662036434700,Oversize_faux_leather_biker_jacket_Black_2,"[{'url': 'https://static.bershka.net/4/photos2/2022/I/0/1/p/6497/777/800/6497777800_2_2_3.jpg?t=1662036434700', 'path': 'Oversize_faux_leather_biker_jacket_Black_2.jpg', 'checksum': '9e0ec5b28d4fe5e6fb91a1a3765ce97e', 'status': 'downloaded'}]"
https://static.bershka.net/4/photos2/2022/I/0/1/p/6497/777/800/6497777800_2_3_3.jpg?t=1662036434700,Oversize_faux_leather_biker_jacket_Black_3,"[{'url': 'https://static.bershka.net/4/photos2/2022/I/0/1/p/6497/777/800/6497777800_2_3_3.jpg?t=1662036434700', 'path': 'Oversize_faux_leather_biker_jacket_Black_3.jpg', 'checksum': 'e788dda2adfe1587a3dad67e34a9b835', 'status': 'downloaded'}]"
https://static.bershka.net/4/photos2/2022/I/0/1/p/6497/777/800/6497777800_2_4_3.jpg?t=1631541354107,Oversize_faux_leather_biker_jacket_Black_4,"[{'url': 'https://static.bershka.net/4/photos2/2022/I/0/1/p/6497/777/800/6497777800_2_4_3.jpg?t=1631541354107', 'path': 'Oversize_faux_leather_biker_jacket_Black_4.jpg', 'checksum': 'dad2b0318c37df6d334773d38b49e0b7', 'status': 'downloaded'}]"
https://static.bershka.net/4/photos2/2022/I/0/1/p/6497/777/800/6497777800_2_5_3.jpg?t=1662036434700,Oversize_faux_leather_biker_jacket_Black_5,"[{'url': 'https://static.bershka.net/4/photos2/2022/I/0/1/p/6497/777/800/6497777800_2_5_3.jpg?t=1662036434700', 'path': 'Oversize_faux_leather_biker_jacket_Black_5.jpg', 'checksum': '7705ef851d4d5d2c4335843cd85cec51', 'status': 'downloaded'}]"
https://static.bershka.net/4/photos2/2022/I/0/1/p/6706/644/715/6706644715_1_1_3.jpg?t=1656944224489,Hooded_teddy_jacket_Mink_0,"[{'url': 'https://static.bershka.net/4/photos2/2022/I/0/1/p/6706/644/715/6706644715_1_1_3.jpg?t=1656944224489', 'path': 'Hooded_teddy_jacket_Mink_0.jpg', 'checksum': '7c91acf0faf74e730e4e34c60849adde', 'status': 'downloaded'}]"
https://static.bershka.net/4/photos2/2022/I/0/1/p/6706/644/715/6706644715_2_4_6.jpg?t=1656944224489,Hooded_teddy_jacket_Mink_1,"[{'url': 'https://static.bershka.net/4/photos2/2022/I/0/1/p/6706/644/715/6706644715_2_4_6.jpg?t=1656944224489', 'path': 'Hooded_teddy_jacket_Mink_1.jpg', 'checksum': '8c23438d37fbd092854a5b43e9312b29', 'status': 'downloaded'}]"
https://static.bershka.net/4/photos2/2022/I/0/1/p/6706/644/715/6706644715_2_5_3.jpg?t=1656944224489,Hooded_teddy_jacket_Mink_8,"[{'url': 'https://static.bershka.net/4/photos2/2022/I/0/1/p/6706/644/715/6706644715_2_5_3.jpg?t=1656944224489', 'path': 'Hooded_teddy_jacket_Mink_8.jpg', 'checksum': '2b618942562a45bb7b158f67681ff82a', 'status': 'downloaded'}]"
https://static.bershka.net/4/photos2/2022/I/0/1/p/6706/644/800/6706644800_1_1_3.jpg?t=1656944224540,Hooded_teddy_jacket_Black_0,"[{'url': 'https://static.bershka.net/4/photos2/2022/I/0/1/p/6706/644/800/6706644800_1_1_3.jpg?t=1656944224540', 'path': 'Hooded_teddy_jacket_Black_0.jpg', 'checksum': 'b59668291d8dd9595a781e19f26b9b07', 'status': 'downloaded'}]"
https://static.bershka.net/4/photos2/2022/I/0/1/p/6706/644/800/6706644800_2_4_6.jpg?t=1656944224540,Hooded_teddy_jacket_Black_1,"[{'url': 'https://static.bershka.net/4/photos2/2022/I/0/1/p/6706/644/800/6706644800_2_4_6.jpg?t=1656944224540', 'path': 'Hooded_teddy_jacket_Black_1.jpg', 'checksum': 'b4e981715af92225493a7af23864c17a', 'status': 'downloaded'}]"
https://static.bershka.net/4/photos2/2022/I/0/1/p/6706/644/800/6706644800_2_5_3.jpg?t=1656944224540,Hooded_teddy_jacket_Black_8,"[{'url': 'https://static.bershka.net/4/photos2/2022/I/0/1/p/6706/644/800/6706644800_2_5_3.jpg?t=1656944224540', 'path': 'Hooded_teddy_jacket_Black_8.jpg', 'checksum': 'fa1c069cd327f7195736f70755e7a7a9', 'status': 'downloaded'}]"
https://static.bershka.net/4/photos2/2022/I/0/1/p/6706/644/712/6706644712_1_1_3.jpg?t=1656944224444,Hooded_teddy_jacket_Cream_0,"[{'url': 'https://static.bershka.net/4/photos2/2022/I/0/1/p/6706/644/712/6706644712_1_1_3.jpg?t=1656944224444', 'path': 'Hooded_teddy_jacket_Cream_0.jpg', 'checksum': '8ddb69963c9b40b7739be848e0396f7e', 'status': 'downloaded'}]"
https://static.bershka.net/4/photos2/2022/I/0/1/p/6706/644/712/6706644712_2_4_6.jpg?t=1656944224444,Hooded_teddy_jacket_Cream_1,"[{'url': 'https://static.bershka.net/4/photos2/2022/I/0/1/p/6706/644/712/6706644712_2_4_6.jpg?t=1656944224444', 'path': 'Hooded_teddy_jacket_Cream_1.jpg', 'checksum': '5330df23b464f8491c650134aa3a7a4a', 'status': 'downloaded'}]"
https://static.bershka.net/4/photos2/2022/I/0/1/p/6706/644/712/6706644712_2_5_3.jpg?t=1656944224444,Hooded_teddy_jacket_Cream_8,"[{'url': 'https://static.bershka.net/4/photos2/2022/I/0/1/p/6706/644/712/6706644712_2_5_3.jpg?t=1656944224444', 'path': 'Hooded_teddy_jacket_Cream_8.jpg', 'checksum': 'f2f1d5a0aa32b4fe5635f8f0dc7b7b5b', 'status': 'downloaded'}]"
https://static.bershka.net/4/photos2/2022/I/0/1/p/6949/085/800/6949085800_1_1_3.jpg?t=1657635822683,Faux_leather_puffer_coat_Black_0,"[{'url': 'https://static.bershka.net/4/photos2/2022/I/0/1/p/6949/085/800/6949085800_1_1_3.jpg?t=1657635822683', 'path': 'Faux_leather_puffer_coat_Black_0.jpg', 'checksum': '35c31840a4bad61473c67f649a0a5106', 'status': 'downloaded'}]"
https://static.bershka.net/4/photos2/2022/I/0/1/p/6949/085/800/6949085800_2_1_3.jpg?t=1657635822683,Faux_leather_puffer_coat_Black_1,"[{'url': 'https://static.bershka.net/4/photos2/2022/I/0/1/p/6949/085/800/6949085800_2_1_3.jpg?t=1657635822683', 'path': 'Faux_leather_puffer_coat_Black_1.jpg', 'checksum': '1af416a47c0a157508aee426f3c6c2c2', 'status': 'downloaded'}]"
https://static.bershka.net/4/photos2/2022/I/0/1/p/6949/085/800/6949085800_2_2_3.jpg?t=1657635822683,Faux_leather_puffer_coat_Black_2,"[{'url': 'https://static.bershka.net/4/photos2/2022/I/0/1/p/6949/085/800/6949085800_2_2_3.jpg?t=1657635822683', 'path': 'Faux_leather_puffer_coat_Black_2.jpg', 'checksum': '212da456a94a69ecfb80436017b10f31', 'status': 'downloaded'}]"
https://static.bershka.net/4/photos2/2022/I/0/1/p/6949/085/800/6949085800_2_3_3.jpg?t=1657635822683,Faux_leather_puffer_coat_Black_3,"[{'url': 'https://static.bershka.net/4/photos2/2022/I/0/1/p/6949/085/800/6949085800_2_3_3.jpg?t=1657635822683', 'path': 'Faux_leather_puffer_coat_Black_3.jpg', 'checksum': '0c8fd3f16e2ee232b1632df8a9b6f835', 'status': 'downloaded'}]"
https://static.bershka.net/4/photos2/2022/I/0/1/p/6949/085/800/6949085800_2_4_3.jpg?t=1657635822683,Faux_leather_puffer_coat_Black_4,"[{'url': 'https://static.bershka.net/4/photos2/2022/I/0/1/p/6949/085/800/6949085800_2_4_3.jpg?t=1657635822683', 'path': 'Faux_leather_puffer_coat_Black_4.jpg', 'checksum': 'aeca52e5d85436baace88140a0799997', 'status': 'downloaded'}]"
https://static.bershka.net/4/photos2/2022/I/0/1/p/6949/085/800/6949085800_2_5_3.jpg?t=1657635822683,Faux_leather_puffer_coat_Black_5,"[{'url': 'https://static.bershka.net/4/photos2/2022/I/0/1/p/6949/085/800/6949085800_2_5_3.jpg?t=1657635822683', 'path': 'Faux_leather_puffer_coat_Black_5.jpg', 'checksum': 'b66e440c13a14e71cafff6ee84fac970', 'status': 'downloaded'}]"
https://static.bershka.net/4/photos2/2022/I/0/1/p/6945/644/600/6945644600_1_1_3.jpg?t=1663234241267,Quilted_nylon_coat_with_belt_Red_0,"[{'url': 'https://static.bershka.net/4/photos2/2022/I/0/1/p/6945/644/600/6945644600_1_1_3.jpg?t=1663234241267', 'path': 'Quilted_nylon_coat_with_belt_Red_0.jpg', 'checksum': '1bf2387b7f3aaeec3981eb6a4caee1be', 'status': 'downloaded'}]"
https://static.bershka.net/4/photos2/2022/I/0/1/p/6945/644/600/6945644600_2_4_6.jpg?t=1658761995938,Quilted_nylon_coat_with_belt_Red_1,"[{'url': 'https://static.bershka.net/4/photos2/2022/I/0/1/p/6945/644/600/6945644600_2_4_6.jpg?t=1658761995938', 'path': 'Quilted_nylon_coat_with_belt_Red_1.jpg', 'checksum': 'e2e95ab711979c5d84e4cca0eccb9694', 'status': 'downloaded'}]"
